-- phpMyAdmin SQL Dump
-- version 4.8.4
-- https://www.phpmyadmin.net/
--
-- Host: 127.0.0.1
-- Generation Time: Jan 24, 2019 at 11:02 AM
-- Server version: 10.1.37-MariaDB
-- PHP Version: 7.3.0

SET SQL_MODE = "NO_AUTO_VALUE_ON_ZERO";
SET AUTOCOMMIT = 0;
START TRANSACTION;
SET time_zone = "+00:00";


/*!40101 SET @OLD_CHARACTER_SET_CLIENT=@@CHARACTER_SET_CLIENT */;
/*!40101 SET @OLD_CHARACTER_SET_RESULTS=@@CHARACTER_SET_RESULTS */;
/*!40101 SET @OLD_COLLATION_CONNECTION=@@COLLATION_CONNECTION */;
/*!40101 SET NAMES utf8mb4 */;

--
-- Database: `db_pmis`
--

-- --------------------------------------------------------

--
-- Table structure for table `tbl_ci_sessions`
--

CREATE TABLE `tbl_ci_sessions` (
  `id` varchar(128) NOT NULL,
  `ip_address` varchar(45) NOT NULL,
  `timestamp` int(10) UNSIGNED NOT NULL DEFAULT '0',
  `data` blob NOT NULL
) ENGINE=InnoDB DEFAULT CHARSET=utf8;

--
-- Dumping data for table `tbl_ci_sessions`
--

INSERT INTO `tbl_ci_sessions` (`id`, `ip_address`, `timestamp`, `data`) VALUES
('tdc4urtjpr7ips9lsadejg227410ft9j', '::1', 1548238643, 0x5f5f63695f6c6173745f726567656e65726174657c693a313534383233383634333b),
('ot9iijglo9rusmfa6jttd6rkrcictib4', '::1', 1548242321, 0x5f5f63695f6c6173745f726567656e65726174657c693a313534383234323332313b),
('8fm66okb76l7dvjq2ki4jlj8g127o91q', '::1', 1548242786, 0x5f5f63695f6c6173745f726567656e65726174657c693a313534383234323738363b),
('2cbkmtnh89nt0e1esdiaoj7e9t7ijj0n', '::1', 1548243124, 0x5f5f63695f6c6173745f726567656e65726174657c693a313534383234333132343b),
('mun9j9k68954ipni4agqfb67hqlarklb', '::1', 1548245112, 0x5f5f63695f6c6173745f726567656e65726174657c693a313534383234353131323b),
('o3fiblgj1eq8bdcmll929pu509io4vh6', '::1', 1548245396, 0x5f5f63695f6c6173745f726567656e65726174657c693a313534383234353131323b),
('oi93s7mb53fg8b6nhjsmfr1ln97spari', '::1', 1548313610, 0x5f5f63695f6c6173745f726567656e65726174657c693a313534383331333631303b),
('liq8ap958c1t4451jlarho20esv20an1', '::1', 1548318597, 0x5f5f63695f6c6173745f726567656e65726174657c693a313534383331383539373b),
('fv2067javtej57nm75alab6gknlbss2s', '::1', 1548321443, 0x5f5f63695f6c6173745f726567656e65726174657c693a313534383332313434333b),
('4ll8iokadstol64vlgccu9shih2p909a', '::1', 1548321767, 0x5f5f63695f6c6173745f726567656e65726174657c693a313534383332313736373b63726e745f696d65647c693a333b),
('4cl705qti6ib1j0ondaau0av47i6ta5q', '::1', 1548321859, 0x5f5f63695f6c6173745f726567656e65726174657c693a313534383332313736373b);

-- --------------------------------------------------------

--
-- Table structure for table `tbl_data_collection_for_consultancy_services_contracts`
--

CREATE TABLE `tbl_data_collection_for_consultancy_services_contracts` (
  `id` bigint(20) UNSIGNED NOT NULL,
  `activity_id` bigint(20) UNSIGNED NOT NULL,
  `contract_package_number` varchar(100) NOT NULL,
  `contract_description` text NOT NULL,
  `unit` int(11) NOT NULL,
  `qty` int(11) NOT NULL,
  `estimated_price` double(60,2) NOT NULL,
  `procedure_method` text NOT NULL,
  `procurement_guideline` text NOT NULL,
  `prior_review` tinyint(1) NOT NULL,
  `date_of_proposal_submission_planned_date` date NOT NULL,
  `date_of_proposal_submission_actual_date` date NOT NULL,
  `date_of_contract_signing_planned_date` date NOT NULL,
  `date_of_contract_signing_actual_date` date NOT NULL,
  `date_of_completion_planned_date` date NOT NULL,
  `date_of_completion_actual_date` date NOT NULL,
  `name_of_consultant_firm` char(100) NOT NULL,
  `created_at` timestamp NOT NULL DEFAULT CURRENT_TIMESTAMP,
  `updated_at` timestamp NULL DEFAULT NULL ON UPDATE CURRENT_TIMESTAMP
) ENGINE=InnoDB DEFAULT CHARSET=utf8;

-- --------------------------------------------------------

--
-- Table structure for table `tbl_data_collection_for_goods_contracts`
--

CREATE TABLE `tbl_data_collection_for_goods_contracts` (
  `id` bigint(20) UNSIGNED NOT NULL,
  `activity_id` bigint(20) UNSIGNED NOT NULL,
  `contract_package_number` varchar(100) NOT NULL,
  `contract_description` text NOT NULL,
  `unit` int(11) NOT NULL,
  `qty/nos` int(11) NOT NULL,
  `estimated_price` decimal(60,2) NOT NULL,
  `procedure_method` text NOT NULL,
  `procurement_guideline` text NOT NULL,
  `prior_review` tinyint(1) NOT NULL,
  `date_of_bid_opening_planned_date` date NOT NULL,
  `date_of_bid_opening_actual_date` date NOT NULL,
  `date_of_contract_signing_planned_date` date NOT NULL,
  `date_of_contract_signing_actual_date` date NOT NULL,
  `date_of_delivery_planned_date` date NOT NULL,
  `date_of_delivery_actual_date` date NOT NULL,
  `name_of_supplier` tinytext NOT NULL,
  `remarks` tinytext NOT NULL,
  `created_at` timestamp NOT NULL DEFAULT CURRENT_TIMESTAMP,
  `updated_at` timestamp NULL DEFAULT NULL ON UPDATE CURRENT_TIMESTAMP
) ENGINE=InnoDB DEFAULT CHARSET=utf8;

-- --------------------------------------------------------

--
-- Table structure for table `tbl_data_collection_for_works_contracts`
--

CREATE TABLE `tbl_data_collection_for_works_contracts` (
  `id` bigint(20) UNSIGNED NOT NULL,
  `activity_id` bigint(20) UNSIGNED NOT NULL,
  `contract_package_number` varchar(100) NOT NULL,
  `contract_description` text NOT NULL,
  `unit` int(11) NOT NULL,
  `qty` int(11) NOT NULL,
  `estimated_price` decimal(60,2) NOT NULL,
  `procedure_method` text NOT NULL,
  `ppa_bg` text NOT NULL,
  `prior_review_2` tinyint(1) NOT NULL,
  `study_report_submission_planned_date` date NOT NULL,
  `study_report_submission_actual_date` date NOT NULL,
  `social_resettlement_study_report_submission_planned_date` date NOT NULL,
  `social_resettlement_study_report_submission_actual_date` date NOT NULL,
  `date_of_bid_opening_planned_date` date NOT NULL,
  `date_of_bid_opening_actual_date` date NOT NULL,
  `date_of_contract_signing_planned_date` date NOT NULL,
  `date_of_contract_signing_actual_date` date NOT NULL,
  `date_of_completion_planned_date` date NOT NULL,
  `date_of_completion_actual_date` date NOT NULL,
  `name_of_contractor` int(11) NOT NULL,
  `remarks` int(11) NOT NULL,
  `created_at` timestamp NOT NULL DEFAULT CURRENT_TIMESTAMP,
  `updated_at` timestamp NULL DEFAULT NULL ON UPDATE CURRENT_TIMESTAMP
) ENGINE=InnoDB DEFAULT CHARSET=utf8;

-- --------------------------------------------------------

--
-- Table structure for table `tbl_imed_basic_info`
--

CREATE TABLE `tbl_imed_basic_info` (
  `id` bigint(20) UNSIGNED NOT NULL,
  `project_title` text NOT NULL,
  `ministry` bigint(20) UNSIGNED NOT NULL,
  `division` bigint(20) UNSIGNED NOT NULL,
  `agency` bigint(20) UNSIGNED NOT NULL,
  `created_at` datetime DEFAULT CURRENT_TIMESTAMP,
  `updated_at` datetime DEFAULT NULL ON UPDATE CURRENT_TIMESTAMP
) ENGINE=InnoDB DEFAULT CHARSET=utf8;

--
-- Dumping data for table `tbl_imed_basic_info`
--

INSERT INTO `tbl_imed_basic_info` (`id`, `project_title`, `ministry`, `division`, `agency`, `created_at`, `updated_at`) VALUES
(1, 'The Project Title', 1, 3, 5, '2019-01-21 18:16:28', NULL),
(2, 'The Project Title 2', 1, 3, 5, '2019-01-22 11:29:47', NULL),
(3, 'The project title 3', 1, 3, 7, '2019-01-24 15:18:46', NULL);

-- --------------------------------------------------------

--
-- Table structure for table `tbl_imed_contract_implementation`
--

CREATE TABLE `tbl_imed_contract_implementation` (
  `id` bigint(20) UNSIGNED NOT NULL,
  `imed_bi_id` bigint(20) UNSIGNED NOT NULL,
  `desc_of_contracts` text NOT NULL,
  `contract_value` decimal(60,2) NOT NULL,
  `date_of_work_order` date NOT NULL,
  `completion_date_as_per_contract` date NOT NULL,
  `amount_paid` decimal(60,2) NOT NULL,
  `physical` int(3) NOT NULL,
  `created_at` datetime NOT NULL DEFAULT CURRENT_TIMESTAMP,
  `updated_at` datetime DEFAULT NULL ON UPDATE CURRENT_TIMESTAMP
) ENGINE=InnoDB DEFAULT CHARSET=utf8;

--
-- Dumping data for table `tbl_imed_contract_implementation`
--

INSERT INTO `tbl_imed_contract_implementation` (`id`, `imed_bi_id`, `desc_of_contracts`, `contract_value`, `date_of_work_order`, `completion_date_as_per_contract`, `amount_paid`, `physical`, `created_at`, `updated_at`) VALUES
(1, 1, 'Description of problem', '0.00', '2019-01-01', '2019-02-02', '100000.00', 100000, '2019-01-21 19:16:54', NULL),
(2, 2, 'Description of problem', '0.00', '2019-01-01', '2019-02-02', '100000.00', 100000, '2019-01-22 12:41:10', NULL),
(3, 3, 'Description of problem', '0.00', '2019-01-01', '2019-02-02', '100000.00', 100000, '2019-01-24 15:22:48', NULL);

-- --------------------------------------------------------

--
-- Table structure for table `tbl_imed_implementation_problems`
--

CREATE TABLE `tbl_imed_implementation_problems` (
  `id` bigint(20) UNSIGNED NOT NULL,
  `imed_bi_id` bigint(20) UNSIGNED NOT NULL,
  `problem_type_id` bigint(20) UNSIGNED DEFAULT NULL,
  `if_other` char(255) DEFAULT NULL,
  `desc_of_problem` text NOT NULL,
  `created_at` datetime NOT NULL DEFAULT CURRENT_TIMESTAMP,
  `updated_at` datetime DEFAULT NULL ON UPDATE CURRENT_TIMESTAMP
) ENGINE=InnoDB DEFAULT CHARSET=utf8;

--
-- Dumping data for table `tbl_imed_implementation_problems`
--

INSERT INTO `tbl_imed_implementation_problems` (`id`, `imed_bi_id`, `problem_type_id`, `if_other`, `desc_of_problem`, `created_at`, `updated_at`) VALUES
(1, 1, 2, NULL, 'Description of Problem', '2019-01-21 19:01:46', NULL),
(2, 2, 3, NULL, 'Description of Problem', '2019-01-22 11:44:17', NULL),
(3, 3, 5, NULL, 'Description of problem.........', '2019-01-24 15:20:43', NULL);

-- --------------------------------------------------------

--
-- Table structure for table `tbl_imed_implementation_problem_type`
--

CREATE TABLE `tbl_imed_implementation_problem_type` (
  `id` bigint(20) UNSIGNED NOT NULL,
  `problem_type` char(255) NOT NULL,
  `created_at` datetime NOT NULL DEFAULT CURRENT_TIMESTAMP,
  `updated_at` datetime DEFAULT NULL ON UPDATE CURRENT_TIMESTAMP
) ENGINE=InnoDB DEFAULT CHARSET=utf8;

--
-- Dumping data for table `tbl_imed_implementation_problem_type`
--

INSERT INTO `tbl_imed_implementation_problem_type` (`id`, `problem_type`, `created_at`, `updated_at`) VALUES
(1, 'Approval Process', '2019-01-21 18:22:02', NULL),
(2, 'Procurement', '2019-01-21 18:22:02', NULL),
(3, 'Management', '2019-01-21 18:22:26', NULL),
(4, 'Fund Allocation/Release', '2019-01-21 18:22:26', NULL),
(5, 'Manpower Recruitment', '2019-01-21 18:23:11', NULL),
(6, 'Others (specify)', '2019-01-21 18:23:11', NULL);

-- --------------------------------------------------------

--
-- Table structure for table `tbl_imed_project_declaration`
--

CREATE TABLE `tbl_imed_project_declaration` (
  `id` bigint(20) UNSIGNED NOT NULL,
  `imed_bi_id` bigint(20) UNSIGNED NOT NULL,
  `project_declaration` int(1) NOT NULL,
  `created_at` timestamp NOT NULL DEFAULT CURRENT_TIMESTAMP,
  `updated_at` timestamp NULL DEFAULT NULL ON UPDATE CURRENT_TIMESTAMP
) ENGINE=InnoDB DEFAULT CHARSET=utf8;

--
-- Dumping data for table `tbl_imed_project_declaration`
--

INSERT INTO `tbl_imed_project_declaration` (`id`, `imed_bi_id`, `project_declaration`, `created_at`, `updated_at`) VALUES
(1, 1, 1, '2019-01-21 13:01:46', NULL),
(2, 2, 1, '2019-01-22 05:44:17', NULL),
(3, 3, 2, '2019-01-24 09:20:43', NULL);

-- --------------------------------------------------------

--
-- Table structure for table `tbl_imed_quarterly_component_wise_progress`
--

CREATE TABLE `tbl_imed_quarterly_component_wise_progress` (
  `id` bigint(20) UNSIGNED NOT NULL,
  `imed_bi_id` bigint(20) UNSIGNED NOT NULL,
  `name_of_the_component` char(100) NOT NULL,
  `unit` int(10) NOT NULL,
  `cmltv_progress_upto_qtty` int(10) NOT NULL,
  `cmltv_progress_upto_prcntg` int(3) NOT NULL,
  `cmltv_progress_upto_finance` decimal(60,2) NOT NULL,
  `yearly_target_qtty` int(10) NOT NULL,
  `yearly_target_prcntg` int(3) NOT NULL,
  `yearly_target_finance` decimal(60,2) NOT NULL,
  `prgrs_in_crnt_qrtr_qtty` int(10) NOT NULL,
  `prgrs_in_crnt_qrtr_prcntg` int(3) NOT NULL,
  `prgrs_in_crnt_qrtr_financial` decimal(60,2) NOT NULL,
  `crnt_yrs_prgrs_qtty` int(10) NOT NULL,
  `crnt_yrs_prgrs_prcntg` int(3) NOT NULL,
  `crnt_yrs_prgrs_financial` decimal(60,2) NOT NULL,
  `remarks` char(100) NOT NULL,
  `created_at` datetime NOT NULL DEFAULT CURRENT_TIMESTAMP,
  `updated_at` datetime DEFAULT NULL ON UPDATE CURRENT_TIMESTAMP
) ENGINE=InnoDB DEFAULT CHARSET=utf8;

--
-- Dumping data for table `tbl_imed_quarterly_component_wise_progress`
--

INSERT INTO `tbl_imed_quarterly_component_wise_progress` (`id`, `imed_bi_id`, `name_of_the_component`, `unit`, `cmltv_progress_upto_qtty`, `cmltv_progress_upto_prcntg`, `cmltv_progress_upto_finance`, `yearly_target_qtty`, `yearly_target_prcntg`, `yearly_target_finance`, `prgrs_in_crnt_qrtr_qtty`, `prgrs_in_crnt_qrtr_prcntg`, `prgrs_in_crnt_qrtr_financial`, `crnt_yrs_prgrs_qtty`, `crnt_yrs_prgrs_prcntg`, `crnt_yrs_prgrs_financial`, `remarks`, `created_at`, `updated_at`) VALUES
(1, 1, 'Component Name', 12, 1, 12, '123.00', 2, 23, '234.00', 3, 34, '345.00', 4, 45, '456.00', 'Short Note', '2019-01-21 18:16:55', NULL),
(2, 2, 'Component Name', 12, 1, 12, '123.00', 2, 23, '234.00', 3, 34, '345.00', 4, 45, '456.00', 'Short Note', '2019-01-22 11:30:32', NULL),
(3, 3, 'Component Name', 12, 1, 12, '123.00', 2, 23, '234.00', 3, 34, '345.00', 4, 45, '456.00', 'Short Note', '2019-01-24 15:19:26', NULL);

-- --------------------------------------------------------

--
-- Table structure for table `tbl_imed_quarterly_financial_progress`
--

CREATE TABLE `tbl_imed_quarterly_financial_progress` (
  `id` bigint(20) UNSIGNED NOT NULL,
  `imed_bi_id` bigint(20) UNSIGNED NOT NULL,
  `release_for_the_quarter_revenue_gob` decimal(60,2) NOT NULL,
  `release_for_the_quarter_capital_gob` decimal(60,2) NOT NULL,
  `release_for_the_quarter_revenue_rpa` decimal(60,2) NOT NULL,
  `release_for_the_quarter_capital_rpa` decimal(60,2) NOT NULL,
  `exp_for_the_quarter_revenue_gob` decimal(60,2) NOT NULL,
  `exp_for_the_quarter_capital_gob` decimal(60,2) NOT NULL,
  `exp_for_the_quarter_revenue_rpa` decimal(60,2) NOT NULL,
  `exp_for_the_quarter_capital_rpa` decimal(60,2) NOT NULL,
  `exp_for_the_quarter_revenue_dpa` decimal(60,2) NOT NULL,
  `exp_for_the_quarter_capital_dpa` decimal(60,2) NOT NULL,
  `crnt_yrs_exp_revenue_gob` decimal(60,2) NOT NULL,
  `crnt_yrs_exp_capital_gob` decimal(60,2) NOT NULL,
  `crnt_yrs_exp_revenue_rpa` decimal(60,2) NOT NULL,
  `crnt_yrs_exp_capital_rpa` decimal(60,2) NOT NULL,
  `crnt_yrs_exp_revenue_dpa` decimal(60,2) NOT NULL,
  `crnt_yrs_exp_capital_dpa` decimal(60,2) NOT NULL,
  `cash_frgn_exchng_spent` decimal(60,2) NOT NULL,
  `cash` decimal(60,2) NOT NULL,
  `kind` decimal(60,2) NOT NULL,
  `cd_vat` decimal(60,2) NOT NULL,
  `rpa_spent` decimal(60,2) NOT NULL,
  `rpa_claimed_1` decimal(60,2) NOT NULL,
  `rpa_claimed_2` decimal(60,2) NOT NULL,
  `rpa_reimbursed_1` decimal(60,2) NOT NULL,
  `rpa_reimbursed_2` decimal(60,2) NOT NULL,
  `created_at` datetime NOT NULL DEFAULT CURRENT_TIMESTAMP,
  `updated_at` datetime DEFAULT NULL ON UPDATE CURRENT_TIMESTAMP
) ENGINE=InnoDB DEFAULT CHARSET=utf8;

--
-- Dumping data for table `tbl_imed_quarterly_financial_progress`
--

INSERT INTO `tbl_imed_quarterly_financial_progress` (`id`, `imed_bi_id`, `release_for_the_quarter_revenue_gob`, `release_for_the_quarter_capital_gob`, `release_for_the_quarter_revenue_rpa`, `release_for_the_quarter_capital_rpa`, `exp_for_the_quarter_revenue_gob`, `exp_for_the_quarter_capital_gob`, `exp_for_the_quarter_revenue_rpa`, `exp_for_the_quarter_capital_rpa`, `exp_for_the_quarter_revenue_dpa`, `exp_for_the_quarter_capital_dpa`, `crnt_yrs_exp_revenue_gob`, `crnt_yrs_exp_capital_gob`, `crnt_yrs_exp_revenue_rpa`, `crnt_yrs_exp_capital_rpa`, `crnt_yrs_exp_revenue_dpa`, `crnt_yrs_exp_capital_dpa`, `cash_frgn_exchng_spent`, `cash`, `kind`, `cd_vat`, `rpa_spent`, `rpa_claimed_1`, `rpa_claimed_2`, `rpa_reimbursed_1`, `rpa_reimbursed_2`, `created_at`, `updated_at`) VALUES
(1, 1, '23.00', '23.00', '12.00', '12.00', '11.00', '11.00', '22.00', '22.00', '33.00', '33.00', '44.00', '44.00', '55.00', '55.00', '66.00', '66.00', '1234.00', '45.00', '23.00', '1000.00', '34.00', '43.00', '33.00', '3.00', '444.00', '2019-01-21 18:16:28', NULL),
(2, 2, '23.00', '23.00', '12.00', '12.00', '11.00', '11.00', '22.00', '22.00', '33.00', '33.00', '44.00', '44.00', '55.00', '55.00', '66.00', '66.00', '1234.00', '45.00', '23.00', '1000.00', '34.00', '43.00', '33.00', '3.00', '444.00', '2019-01-22 11:29:47', NULL),
(3, 3, '23.00', '23.00', '12.00', '12.00', '11.00', '11.00', '22.00', '22.00', '33.00', '33.00', '44.00', '44.00', '55.00', '55.00', '66.00', '66.00', '1234.00', '45.00', '23.00', '1000.00', '34.00', '43.00', '33.00', '3.00', '444.00', '2019-01-24 15:18:46', NULL);

-- --------------------------------------------------------

--
-- Table structure for table `tbl_imed_reason_for_delaying`
--

CREATE TABLE `tbl_imed_reason_for_delaying` (
  `id` bigint(20) UNSIGNED NOT NULL,
  `imed_bi_id` bigint(20) UNSIGNED NOT NULL,
  `delaying_description` text NOT NULL,
  `created_at` timestamp NOT NULL DEFAULT CURRENT_TIMESTAMP,
  `updated_at` timestamp NULL DEFAULT NULL ON UPDATE CURRENT_TIMESTAMP
) ENGINE=InnoDB DEFAULT CHARSET=utf8;

--
-- Dumping data for table `tbl_imed_reason_for_delaying`
--

INSERT INTO `tbl_imed_reason_for_delaying` (`id`, `imed_bi_id`, `delaying_description`, `created_at`, `updated_at`) VALUES
(1, 1, 'Delaying reason', '2019-01-22 06:27:31', NULL),
(2, 2, 'Description', '2019-01-22 06:41:10', NULL),
(3, 3, 'Problems reasons for delay in contract implementation', '2019-01-24 09:22:48', NULL);

-- --------------------------------------------------------

--
-- Table structure for table `tbl_imed_suggested_measures`
--

CREATE TABLE `tbl_imed_suggested_measures` (
  `id` bigint(20) UNSIGNED NOT NULL,
  `imed_bi_id` bigint(255) UNSIGNED NOT NULL,
  `suggested_measures` text NOT NULL,
  `created_at` datetime NOT NULL DEFAULT CURRENT_TIMESTAMP,
  `updated_at` datetime DEFAULT NULL ON UPDATE CURRENT_TIMESTAMP
) ENGINE=InnoDB DEFAULT CHARSET=utf8;

--
-- Dumping data for table `tbl_imed_suggested_measures`
--

INSERT INTO `tbl_imed_suggested_measures` (`id`, `imed_bi_id`, `suggested_measures`, `created_at`, `updated_at`) VALUES
(1, 1, 'Suggested Measures', '2019-01-21 19:01:46', NULL),
(2, 2, 'Suggested Measure', '2019-01-22 11:44:17', NULL),
(3, 3, 'Suggested Measures.......', '2019-01-24 15:20:43', NULL);

-- --------------------------------------------------------

--
-- Table structure for table `tbl_intermediate_result_indicators_component`
--

CREATE TABLE `tbl_intermediate_result_indicators_component` (
  `id` bigint(20) UNSIGNED NOT NULL,
  `component_name` char(255) NOT NULL,
  `created_at` timestamp NOT NULL DEFAULT CURRENT_TIMESTAMP,
  `updated_at` timestamp NULL DEFAULT NULL ON UPDATE CURRENT_TIMESTAMP
) ENGINE=InnoDB DEFAULT CHARSET=utf8;

-- --------------------------------------------------------

--
-- Table structure for table `tbl_intermediate_result_indicators_name`
--

CREATE TABLE `tbl_intermediate_result_indicators_name` (
  `id` bigint(20) UNSIGNED NOT NULL,
  `indicator_name` char(255) NOT NULL,
  `baseline` char(255) NOT NULL,
  `frequency` char(255) NOT NULL,
  `data_source_methodology` char(255) NOT NULL,
  `responsibilities_for_data_collection` char(255) NOT NULL,
  `comments` char(255) NOT NULL,
  `created_at` timestamp NOT NULL DEFAULT CURRENT_TIMESTAMP,
  `updated_at` timestamp NULL DEFAULT NULL ON UPDATE CURRENT_TIMESTAMP
) ENGINE=InnoDB DEFAULT CHARSET=utf8;

-- --------------------------------------------------------

--
-- Table structure for table `tbl_key_agreed_actions_tracking_activities`
--

CREATE TABLE `tbl_key_agreed_actions_tracking_activities` (
  `id` bigint(20) UNSIGNED NOT NULL,
  `form_prefix` char(1) NOT NULL,
  `form_code` tinytext NOT NULL,
  `kaa_code` tinytext NOT NULL,
  `activity_description` text NOT NULL,
  `agency` bigint(20) UNSIGNED NOT NULL,
  `has_sub_activity` tinyint(1) UNSIGNED NOT NULL DEFAULT '0',
  `planned_due_date` date DEFAULT NULL,
  `actual_completion_date` date DEFAULT NULL,
  `compliance_status_pcmu` text NOT NULL,
  `evidence_provided_to_verfiy_compliance` text NOT NULL,
  `reasons_for_non_complinace_me_team` text,
  `verified_by_me_team` text,
  `expected_completion_date` date DEFAULT NULL,
  `created_at` timestamp NOT NULL DEFAULT CURRENT_TIMESTAMP,
  `updated_at` timestamp NULL DEFAULT NULL ON UPDATE CURRENT_TIMESTAMP
) ENGINE=InnoDB DEFAULT CHARSET=utf8;

-- --------------------------------------------------------

--
-- Table structure for table `tbl_key_agreed_actions_tracking_sub_activities`
--

CREATE TABLE `tbl_key_agreed_actions_tracking_sub_activities` (
  `id` bigint(20) UNSIGNED NOT NULL,
  `activity_id` bigint(20) UNSIGNED NOT NULL,
  `sub_activities` text NOT NULL,
  `planned_due_date` date NOT NULL,
  `actual_completion_date` date NOT NULL,
  `compliance_status_pcmu` text NOT NULL,
  `evidence_provided_to_verfiy_compliance` text NOT NULL,
  `reasons_for_non_complinace_me_team` text NOT NULL,
  `verified_by_me_team` text NOT NULL,
  `expected_completion_date` date NOT NULL,
  `created_at` timestamp NOT NULL DEFAULT CURRENT_TIMESTAMP,
  `updated_at` timestamp NULL DEFAULT NULL ON UPDATE CURRENT_TIMESTAMP
) ENGINE=InnoDB DEFAULT CHARSET=utf8;

-- --------------------------------------------------------

--
-- Table structure for table `tbl_list_of_division`
--

CREATE TABLE `tbl_list_of_division` (
  `id` bigint(20) UNSIGNED NOT NULL,
  `ministry_id` bigint(20) UNSIGNED NOT NULL,
  `division_name` char(100) NOT NULL,
  `created_at` datetime DEFAULT CURRENT_TIMESTAMP,
  `updated_at` datetime DEFAULT NULL ON UPDATE CURRENT_TIMESTAMP
) ENGINE=InnoDB DEFAULT CHARSET=utf8;

--
-- Dumping data for table `tbl_list_of_division`
--

INSERT INTO `tbl_list_of_division` (`id`, `ministry_id`, `division_name`, `created_at`, `updated_at`) VALUES
(1, 1, 'Planning Division', '2019-01-19 12:06:23', NULL),
(2, 1, 'Statistics and Informatics Division', '2019-01-19 12:06:23', NULL),
(3, 1, 'Implementation Monitoring & Evaluation Division', '2019-01-19 12:06:51', NULL);

-- --------------------------------------------------------

--
-- Table structure for table `tbl_list_of_implementing_agencies`
--

CREATE TABLE `tbl_list_of_implementing_agencies` (
  `id` bigint(20) UNSIGNED NOT NULL,
  `name` varchar(100) NOT NULL,
  `created_at` timestamp NOT NULL DEFAULT CURRENT_TIMESTAMP,
  `updated_at` timestamp NULL DEFAULT NULL ON UPDATE CURRENT_TIMESTAMP
) ENGINE=InnoDB DEFAULT CHARSET=utf8;

--
-- Dumping data for table `tbl_list_of_implementing_agencies`
--

INSERT INTO `tbl_list_of_implementing_agencies` (`id`, `name`, `created_at`, `updated_at`) VALUES
(1, 'Planning Commission Unit (PCMU) ', '2018-11-25 10:16:44', NULL),
(2, 'Dhaka North City Corporation (DNCC)', '2018-11-25 10:16:44', '2018-11-25 10:20:11'),
(3, 'Rajdhani Unnayan Kartripakkha (RAJUK)', '2018-11-25 10:18:13', NULL),
(4, 'Department of Disaster Management (DDM)', '2018-11-25 10:18:13', NULL),
(5, 'Dhaka South City Corporation (DSCC)', '2018-11-25 10:19:40', NULL),
(6, 'Sylhet City Corporation (SCC)', '2018-11-25 10:19:40', NULL),
(7, 'Fire Service and Civil Defense (FSCD)', '2018-11-25 10:20:00', NULL);

-- --------------------------------------------------------

--
-- Table structure for table `tbl_list_of_ministry`
--

CREATE TABLE `tbl_list_of_ministry` (
  `id` bigint(20) UNSIGNED NOT NULL,
  `name_of_ministry` char(100) NOT NULL,
  `created_at` datetime NOT NULL DEFAULT CURRENT_TIMESTAMP,
  `updated_at` datetime DEFAULT NULL ON UPDATE CURRENT_TIMESTAMP
) ENGINE=InnoDB DEFAULT CHARSET=utf8;

--
-- Dumping data for table `tbl_list_of_ministry`
--

INSERT INTO `tbl_list_of_ministry` (`id`, `name_of_ministry`, `created_at`, `updated_at`) VALUES
(1, 'Ministry of Planning', '2019-01-19 11:35:20', NULL),
(2, 'Ministry of Finance', '2019-01-19 11:35:20', NULL),
(3, 'Ministry of Public Administration', '2019-01-19 11:57:12', NULL),
(4, 'Ministry of Defence', '2019-01-19 11:57:12', NULL),
(5, 'Ministry of Power, Energy and Mineral Resources', '2019-01-19 11:57:37', NULL),
(6, 'Ministry of Women and Children Affairs', '2019-01-19 11:57:37', NULL),
(7, 'Ministry of Industries', '2019-01-19 11:57:57', NULL),
(8, 'Ministry of Commerce', '2019-01-19 11:57:57', NULL),
(9, 'Ministry of Agriculture', '2019-01-19 11:58:16', NULL),
(10, 'Ministry of Home Affairs', '2019-01-19 11:58:16', NULL),
(11, 'Ministry of Health and Family Welfare', '2019-01-19 11:58:37', NULL),
(12, 'Ministry of Local Government and Rural Development and Co-operative', '2019-01-19 11:58:37', NULL),
(13, 'Ministry of Science and Technology', '2019-01-19 11:59:02', NULL),
(14, 'Ministry of Housing and Public Works', '2019-01-19 11:59:02', NULL),
(15, 'Ministry of Liberation War Affairs', '2019-01-19 11:59:19', NULL),
(16, 'Ministry of Textiles and Jute', '2019-01-19 11:59:19', NULL),
(17, 'Ministry of Road Transport and Bridges', '2019-01-19 11:59:35', NULL),
(18, 'Ministry of Information', '2019-01-19 11:59:35', NULL),
(19, 'Ministry of Environment and Forest', '2019-01-19 11:59:55', NULL),
(20, 'Ministry of Education', '2019-01-19 11:59:55', NULL),
(21, 'Ministry of Law, Justice and Parliamentary Affairs', '2019-01-19 12:00:15', NULL),
(22, 'Ministry of Foreign Affairs', '2019-01-19 12:00:15', NULL),
(23, 'Ministry of Railways', '2019-01-19 12:00:37', NULL),
(24, 'Ministry of Posts, Telecommunications & Information Technology', '2019-01-19 12:00:37', NULL),
(25, 'Ministry of Land', '2019-01-19 12:00:54', NULL),
(26, 'Ministry of Food', '2019-01-19 12:00:54', NULL),
(27, 'Ministry of Social Welfare', '2019-01-19 12:01:16', NULL),
(28, 'Ministry of Chittagong Hill Tracts Affairs', '2019-01-19 12:01:16', NULL),
(29, 'Ministry of Water Resources', '2019-01-19 12:01:41', NULL),
(30, 'Ministry of Fisheries and Livestock', '2019-01-19 12:01:41', NULL),
(31, 'Ministry of Civil Aviation and Tourism', '2019-01-19 12:02:01', NULL),
(32, 'Ministry of Religious Affairs', '2019-01-19 12:02:01', NULL),
(33, 'Ministry of Expatriates\' Welfare and Overseas Employment', '2019-01-19 12:02:26', NULL),
(34, 'Ministry of Labour and Employment', '2019-01-19 12:02:26', NULL),
(35, 'Ministry of Youth and Sports', '2019-01-19 12:02:45', NULL),
(36, 'Ministry of Cultural Affairs', '2019-01-19 12:02:45', NULL),
(37, 'Ministry of Primary and Mass Education', '2019-01-19 12:03:05', NULL),
(38, 'Ministry of Shipping', '2019-01-19 12:03:05', NULL),
(39, 'Ministry of Disaster Management and Relief', '2019-01-19 12:03:18', NULL);

-- --------------------------------------------------------

--
-- Table structure for table `tbl_progress_of_procurements_goods_contracts`
--

CREATE TABLE `tbl_progress_of_procurements_goods_contracts` (
  `id` bigint(20) UNSIGNED NOT NULL,
  `contract_id` bigint(20) UNSIGNED NOT NULL,
  `progress_of_procurement` tinyint(3) UNSIGNED NOT NULL DEFAULT '0',
  `date` date NOT NULL,
  `created_at` timestamp NOT NULL DEFAULT CURRENT_TIMESTAMP,
  `updated_at` timestamp NULL DEFAULT NULL ON UPDATE CURRENT_TIMESTAMP
) ENGINE=InnoDB DEFAULT CHARSET=utf8;

-- --------------------------------------------------------

--
-- Table structure for table `tbl_progress_of_procurements_services_contracts`
--

CREATE TABLE `tbl_progress_of_procurements_services_contracts` (
  `id` bigint(20) UNSIGNED NOT NULL,
  `contract_id` bigint(20) UNSIGNED NOT NULL,
  `progress_of_procurement` tinyint(3) UNSIGNED NOT NULL DEFAULT '0',
  `date` date NOT NULL,
  `created_at` timestamp NOT NULL DEFAULT CURRENT_TIMESTAMP,
  `updated_at` timestamp NULL DEFAULT NULL ON UPDATE CURRENT_TIMESTAMP
) ENGINE=InnoDB DEFAULT CHARSET=utf8;

-- --------------------------------------------------------

--
-- Table structure for table `tbl_progress_of_procurements_works_contracts`
--

CREATE TABLE `tbl_progress_of_procurements_works_contracts` (
  `id` bigint(20) UNSIGNED NOT NULL,
  `contract_id` bigint(20) UNSIGNED NOT NULL,
  `progress_of_procurement` tinyint(3) UNSIGNED NOT NULL DEFAULT '0',
  `date` date NOT NULL,
  `created_at` timestamp NOT NULL DEFAULT CURRENT_TIMESTAMP,
  `updated_at` timestamp NULL DEFAULT NULL ON UPDATE CURRENT_TIMESTAMP
) ENGINE=InnoDB DEFAULT CHARSET=utf8;

-- --------------------------------------------------------

--
-- Table structure for table `tbl_project_development_objective_indicators_name`
--

CREATE TABLE `tbl_project_development_objective_indicators_name` (
  `id` bigint(20) UNSIGNED NOT NULL,
  `indicator_name` char(255) NOT NULL,
  `baseline` char(255) NOT NULL,
  `frequency` char(255) NOT NULL,
  `data_source_methodology` char(255) NOT NULL,
  `responsibilities_for_data_collection` char(255) NOT NULL,
  `comments` char(255) NOT NULL,
  `created_at` timestamp NOT NULL DEFAULT CURRENT_TIMESTAMP,
  `updated_at` timestamp NULL DEFAULT NULL ON UPDATE CURRENT_TIMESTAMP
) ENGINE=InnoDB DEFAULT CHARSET=utf8;

--
-- Dumping data for table `tbl_project_development_objective_indicators_name`
--

INSERT INTO `tbl_project_development_objective_indicators_name` (`id`, `indicator_name`, `baseline`, `frequency`, `data_source_methodology`, `responsibilities_for_data_collection`, `comments`, `created_at`, `updated_at`) VALUES
(1, 'Share of wards with decentralized emergency response services in Dhaka (DNCC/DSCC jurisdiction)<sup>1</sup>', '0', 'Annual', 'DNCC, DSCC, FSCD/Monitoring Reports', 'PCMU and M&E Consultants', 'In progress', '2019-01-05 09:14:58', NULL);

-- --------------------------------------------------------

--
-- Table structure for table `tbl_result_framework_intermediate_result_indicators`
--

CREATE TABLE `tbl_result_framework_intermediate_result_indicators` (
  `id` bigint(20) UNSIGNED NOT NULL,
  `year` year(4) NOT NULL,
  `ind_id` bigint(20) UNSIGNED NOT NULL,
  `measure_id` bigint(20) UNSIGNED NOT NULL,
  `q1_pad_target` char(255) NOT NULL,
  `q2_pad_target` char(255) NOT NULL,
  `q3_pad_target` char(255) NOT NULL,
  `q4_pad_target` char(255) NOT NULL,
  `q1_actual_achieved` char(255) NOT NULL,
  `q2_actual_achieved` char(255) NOT NULL,
  `q3_actual_achieved` char(255) NOT NULL,
  `q4_actual_achieved` char(255) NOT NULL,
  `component_id` bigint(20) UNSIGNED NOT NULL,
  `created_at` timestamp NOT NULL DEFAULT CURRENT_TIMESTAMP,
  `updated_at` timestamp NOT NULL DEFAULT '0000-00-00 00:00:00' ON UPDATE CURRENT_TIMESTAMP
) ENGINE=InnoDB DEFAULT CHARSET=utf8;

-- --------------------------------------------------------

--
-- Table structure for table `tbl_rslt_frmwrk_prjct_dvlpmnt_objctv_indctrs`
--

CREATE TABLE `tbl_rslt_frmwrk_prjct_dvlpmnt_objctv_indctrs` (
  `id` bigint(20) UNSIGNED NOT NULL,
  `ind_id` bigint(20) UNSIGNED NOT NULL,
  `measure_id` bigint(20) UNSIGNED NOT NULL,
  `year` year(4) DEFAULT NULL,
  `q1_pad_target` char(255) NOT NULL,
  `q2_pad_target` char(255) NOT NULL,
  `q3_pad_target` char(255) NOT NULL,
  `q4_pad_target` char(255) NOT NULL,
  `q1_actual_acheived` char(255) NOT NULL,
  `q2_actual_acheived` char(255) NOT NULL,
  `q3_actual_acheived` char(255) NOT NULL,
  `q4_actual_acheived` char(255) NOT NULL,
  `created_at` timestamp NOT NULL DEFAULT CURRENT_TIMESTAMP,
  `updated_at` timestamp NULL DEFAULT NULL ON UPDATE CURRENT_TIMESTAMP
) ENGINE=InnoDB DEFAULT CHARSET=utf8;

-- --------------------------------------------------------

--
-- Table structure for table `tbl_svce_description_of_package`
--

CREATE TABLE `tbl_svce_description_of_package` (
  `id` bigint(20) UNSIGNED NOT NULL,
  `survey_id` bigint(20) UNSIGNED NOT NULL,
  `description_of_project` char(255) NOT NULL,
  `nos` tinyint(3) UNSIGNED NOT NULL,
  `created_at` timestamp NOT NULL DEFAULT CURRENT_TIMESTAMP,
  `updated_at` timestamp NULL DEFAULT NULL ON UPDATE CURRENT_TIMESTAMP
) ENGINE=InnoDB DEFAULT CHARSET=utf8;

-- --------------------------------------------------------

--
-- Table structure for table `tbl_svce_information_and_training_items`
--

CREATE TABLE `tbl_svce_information_and_training_items` (
  `id` bigint(20) UNSIGNED NOT NULL,
  `checklist_items` text NOT NULL,
  `created_at` timestamp NOT NULL DEFAULT CURRENT_TIMESTAMP,
  `updated_at` timestamp NULL DEFAULT NULL ON UPDATE CURRENT_TIMESTAMP
) ENGINE=InnoDB DEFAULT CHARSET=utf8;

-- --------------------------------------------------------

--
-- Table structure for table `tbl_svce_information_and_training_survey`
--

CREATE TABLE `tbl_svce_information_and_training_survey` (
  `id` bigint(20) UNSIGNED NOT NULL,
  `survey_id` bigint(20) UNSIGNED NOT NULL,
  `q_id` bigint(20) UNSIGNED NOT NULL,
  `ans` tinyint(1) NOT NULL,
  `findings` text NOT NULL,
  `created_at` timestamp NOT NULL DEFAULT CURRENT_TIMESTAMP,
  `updated_at` timestamp NULL DEFAULT NULL ON UPDATE CURRENT_TIMESTAMP
) ENGINE=InnoDB DEFAULT CHARSET=utf8;

-- --------------------------------------------------------

--
-- Table structure for table `tbl_svce_initial_information`
--

CREATE TABLE `tbl_svce_initial_information` (
  `id` bigint(20) UNSIGNED NOT NULL,
  `implementing_agency` bigint(20) UNSIGNED NOT NULL,
  `name_of_package` char(255) NOT NULL,
  `date_of_visit` date DEFAULT NULL,
  `package_number` int(11) NOT NULL,
  `start_date` date DEFAULT NULL,
  `delivery_date` date DEFAULT NULL,
  `financial_progress` tinyint(3) UNSIGNED DEFAULT NULL,
  `visual_physical_progress` tinyint(3) UNSIGNED DEFAULT NULL,
  `IA_person_met` char(255) NOT NULL,
  `M_E_staff_member` char(255) NOT NULL,
  `created_at` timestamp NOT NULL DEFAULT CURRENT_TIMESTAMP,
  `updated_at` timestamp NULL DEFAULT NULL ON UPDATE CURRENT_TIMESTAMP
) ENGINE=InnoDB DEFAULT CHARSET=utf8;

-- --------------------------------------------------------

--
-- Table structure for table `tbl_svce_maintenance_and_inspection_items`
--

CREATE TABLE `tbl_svce_maintenance_and_inspection_items` (
  `id` bigint(20) UNSIGNED NOT NULL,
  `checklist_items` text NOT NULL,
  `created_at` timestamp NOT NULL DEFAULT CURRENT_TIMESTAMP,
  `updated_at` timestamp NULL DEFAULT NULL ON UPDATE CURRENT_TIMESTAMP
) ENGINE=InnoDB DEFAULT CHARSET=utf8;

-- --------------------------------------------------------

--
-- Table structure for table `tbl_svce_maintenance_and_inspection_survey`
--

CREATE TABLE `tbl_svce_maintenance_and_inspection_survey` (
  `id` bigint(20) UNSIGNED NOT NULL,
  `survey_id` bigint(20) UNSIGNED NOT NULL,
  `q_id` bigint(20) UNSIGNED NOT NULL,
  `ans` tinyint(1) NOT NULL,
  `findings` text NOT NULL,
  `created_at` timestamp NOT NULL DEFAULT CURRENT_TIMESTAMP,
  `updated_at` timestamp NULL DEFAULT NULL ON UPDATE CURRENT_TIMESTAMP
) ENGINE=InnoDB DEFAULT CHARSET=utf8;

-- --------------------------------------------------------

--
-- Table structure for table `tbl_svce_safety_features_items`
--

CREATE TABLE `tbl_svce_safety_features_items` (
  `id` bigint(20) UNSIGNED NOT NULL,
  `checklist_items` text NOT NULL,
  `created_at` timestamp NOT NULL DEFAULT CURRENT_TIMESTAMP,
  `updated_at` timestamp NULL DEFAULT NULL ON UPDATE CURRENT_TIMESTAMP
) ENGINE=InnoDB DEFAULT CHARSET=utf8;

-- --------------------------------------------------------

--
-- Table structure for table `tbl_svce_safety_features_survey`
--

CREATE TABLE `tbl_svce_safety_features_survey` (
  `id` bigint(20) UNSIGNED NOT NULL,
  `survey_id` bigint(20) UNSIGNED NOT NULL,
  `q_id` bigint(20) UNSIGNED NOT NULL,
  `ans` tinyint(1) NOT NULL,
  `findings` text NOT NULL,
  `created_at` timestamp NOT NULL DEFAULT CURRENT_TIMESTAMP,
  `updated_at` timestamp NULL DEFAULT NULL ON UPDATE CURRENT_TIMESTAMP
) ENGINE=InnoDB DEFAULT CHARSET=utf8;

-- --------------------------------------------------------

--
-- Table structure for table `tbl_svce_safety_signs_and_warnings_survey`
--

CREATE TABLE `tbl_svce_safety_signs_and_warnings_survey` (
  `id` bigint(20) UNSIGNED NOT NULL,
  `survey_id` bigint(20) UNSIGNED NOT NULL,
  `q_id` bigint(20) UNSIGNED NOT NULL,
  `ans` tinyint(1) NOT NULL,
  `findings` text NOT NULL,
  `created_at` timestamp NOT NULL DEFAULT CURRENT_TIMESTAMP,
  `updated_at` timestamp NULL DEFAULT NULL ON UPDATE CURRENT_TIMESTAMP
) ENGINE=InnoDB DEFAULT CHARSET=utf8;

-- --------------------------------------------------------

--
-- Table structure for table `tbl_svce_safety_signs_and_warning_items`
--

CREATE TABLE `tbl_svce_safety_signs_and_warning_items` (
  `id` bigint(20) UNSIGNED NOT NULL,
  `checklist_items` text NOT NULL,
  `created_at` timestamp NOT NULL DEFAULT CURRENT_TIMESTAMP,
  `updated_at` timestamp NULL DEFAULT NULL ON UPDATE CURRENT_TIMESTAMP
) ENGINE=InnoDB DEFAULT CHARSET=utf8;

-- --------------------------------------------------------

--
-- Table structure for table `tbl_svce_specific_hazards_items`
--

CREATE TABLE `tbl_svce_specific_hazards_items` (
  `id` bigint(20) UNSIGNED NOT NULL,
  `checklist_items` text NOT NULL,
  `created_at` timestamp NOT NULL DEFAULT CURRENT_TIMESTAMP,
  `updated_at` timestamp NULL DEFAULT NULL ON UPDATE CURRENT_TIMESTAMP
) ENGINE=InnoDB DEFAULT CHARSET=utf8;

-- --------------------------------------------------------

--
-- Table structure for table `tbl_svce_specific_hazards_survey`
--

CREATE TABLE `tbl_svce_specific_hazards_survey` (
  `id` bigint(20) UNSIGNED NOT NULL,
  `survey_id` bigint(20) UNSIGNED NOT NULL,
  `q_id` bigint(20) UNSIGNED NOT NULL,
  `ans` tinyint(1) NOT NULL,
  `findings` text NOT NULL,
  `created_at` timestamp NOT NULL DEFAULT CURRENT_TIMESTAMP,
  `updated_at` timestamp NULL DEFAULT NULL ON UPDATE CURRENT_TIMESTAMP
) ENGINE=InnoDB DEFAULT CHARSET=utf8;

-- --------------------------------------------------------

--
-- Table structure for table `tbl_svce_vivid_info`
--

CREATE TABLE `tbl_svce_vivid_info` (
  `id` bigint(20) UNSIGNED NOT NULL,
  `survey_id` bigint(20) UNSIGNED NOT NULL,
  `additional_description` text NOT NULL,
  `comments` text NOT NULL,
  `recommendation` text NOT NULL,
  `created_at` timestamp NOT NULL DEFAULT CURRENT_TIMESTAMP,
  `updated_at` timestamp NULL DEFAULT NULL
) ENGINE=InnoDB DEFAULT CHARSET=utf8;

-- --------------------------------------------------------

--
-- Table structure for table `tbl_svce_work_adequate_to_protect_items`
--

CREATE TABLE `tbl_svce_work_adequate_to_protect_items` (
  `id` bigint(20) UNSIGNED NOT NULL,
  `checklist_items` text NOT NULL,
  `created_at` timestamp NOT NULL DEFAULT CURRENT_TIMESTAMP,
  `updated_at` timestamp NULL DEFAULT NULL ON UPDATE CURRENT_TIMESTAMP
) ENGINE=InnoDB DEFAULT CHARSET=utf8;

-- --------------------------------------------------------

--
-- Table structure for table `tbl_svce_work_adequate_to_protect_survey`
--

CREATE TABLE `tbl_svce_work_adequate_to_protect_survey` (
  `id` bigint(20) UNSIGNED NOT NULL,
  `survey_id` bigint(20) UNSIGNED NOT NULL,
  `q_id` bigint(20) UNSIGNED NOT NULL,
  `ans` tinyint(1) NOT NULL,
  `findings` text NOT NULL,
  `created_at` timestamp NOT NULL DEFAULT CURRENT_TIMESTAMP,
  `updated_at` timestamp NULL DEFAULT NULL ON UPDATE CURRENT_TIMESTAMP
) ENGINE=InnoDB DEFAULT CHARSET=utf8;

-- --------------------------------------------------------

--
-- Table structure for table `tbl_svcs_description_of_package`
--

CREATE TABLE `tbl_svcs_description_of_package` (
  `id` bigint(20) UNSIGNED NOT NULL,
  `survey_id` bigint(20) UNSIGNED NOT NULL,
  `description_of_project` char(255) NOT NULL,
  `nos` tinyint(3) UNSIGNED NOT NULL,
  `created_at` timestamp NOT NULL DEFAULT CURRENT_TIMESTAMP,
  `updated_at` timestamp NULL DEFAULT NULL ON UPDATE CURRENT_TIMESTAMP
) ENGINE=InnoDB DEFAULT CHARSET=utf8;

-- --------------------------------------------------------

--
-- Table structure for table `tbl_svcs_initial_information`
--

CREATE TABLE `tbl_svcs_initial_information` (
  `id` bigint(20) UNSIGNED NOT NULL,
  `implementing_agency` bigint(20) UNSIGNED NOT NULL,
  `name_of_package` char(255) NOT NULL,
  `date_of_visit` date DEFAULT NULL,
  `package_number` int(11) NOT NULL,
  `start_date` date DEFAULT NULL,
  `delivery_date` date DEFAULT NULL,
  `financial_progress` tinyint(3) UNSIGNED DEFAULT NULL,
  `visual_physical_progress` tinyint(3) UNSIGNED DEFAULT NULL,
  `IA_person_met` char(255) NOT NULL,
  `M_E_staff_member` char(255) NOT NULL,
  `created_at` timestamp NOT NULL DEFAULT CURRENT_TIMESTAMP,
  `updated_at` timestamp NULL DEFAULT NULL ON UPDATE CURRENT_TIMESTAMP
) ENGINE=InnoDB DEFAULT CHARSET=utf8;

-- --------------------------------------------------------

--
-- Table structure for table `tbl_svcs_structure_checklist_items`
--

CREATE TABLE `tbl_svcs_structure_checklist_items` (
  `id` bigint(20) UNSIGNED NOT NULL,
  `checklist_items` varchar(200) NOT NULL,
  `created_at` timestamp NOT NULL DEFAULT CURRENT_TIMESTAMP,
  `updated_at` timestamp NULL DEFAULT NULL ON UPDATE CURRENT_TIMESTAMP
) ENGINE=InnoDB DEFAULT CHARSET=utf8;

--
-- Dumping data for table `tbl_svcs_structure_checklist_items`
--

INSERT INTO `tbl_svcs_structure_checklist_items` (`id`, `checklist_items`, `created_at`, `updated_at`) VALUES
(1, 'Is facility equipped with ECT kits and located within 5 km of a warehouse or FSCD control room?', '2018-11-25 09:56:41', NULL),
(2, 'Billboard/signboard installed properly?', '2018-11-25 09:56:41', NULL),
(3, 'EIA/IEEE performed?', '2018-11-25 09:57:27', NULL),
(4, 'Structure compliant with BNBC?', '2018-11-25 09:57:27', NULL),
(5, 'Structure compliant with ISO 28841:2013(E) (Guidelines for simplified seismic assessment)?', '2018-11-25 09:59:39', NULL),
(6, 'Contact information for filing Grievance Redress Mechanism (GRM) complaints?', '2018-11-25 09:59:39', NULL),
(7, 'Is the site secured from unauthorized entry or use?', '2018-11-25 10:00:34', NULL),
(8, 'Standby electricity available on site?', '2018-11-25 10:00:34', NULL),
(9, 'Back up Water supply available on site?', '2018-11-25 10:01:50', NULL),
(10, 'Sanitation support available on site? (Toilet/Pure drinking water)', '2018-11-25 10:01:50', NULL),
(11, 'Personal Protective Equipment (PPE) available on site?', '2018-11-25 10:02:47', NULL),
(12, 'Adequate First Aid kits available on site?', '2018-11-25 10:02:47', NULL),
(13, 'Temporary Labour Shed available on site?', '2018-11-25 10:03:54', NULL),
(14, 'Social & Resettlement action plan performed? (S/RAP)', '2018-11-25 10:03:54', NULL),
(15, 'Architectural design on site?', '2018-11-25 10:04:32', NULL),
(16, 'Structural design on site?', '2018-11-25 10:04:32', NULL),
(17, 'Plumbing design on site?', '2018-11-25 10:05:14', NULL),
(18, 'Electric design on site?', '2018-11-25 10:05:14', NULL),
(19, 'Site Inspection book on site?', '2018-11-25 10:05:43', NULL);

-- --------------------------------------------------------

--
-- Table structure for table `tbl_svcs_survey`
--

CREATE TABLE `tbl_svcs_survey` (
  `id` bigint(20) UNSIGNED NOT NULL,
  `survey_id` bigint(20) UNSIGNED NOT NULL,
  `q_id` bigint(20) UNSIGNED NOT NULL,
  `ans` tinyint(1) UNSIGNED NOT NULL,
  `findings` text NOT NULL,
  `created_at` timestamp NOT NULL DEFAULT CURRENT_TIMESTAMP,
  `updated_at` timestamp NULL DEFAULT NULL ON UPDATE CURRENT_TIMESTAMP
) ENGINE=InnoDB DEFAULT CHARSET=utf8;

-- --------------------------------------------------------

--
-- Table structure for table `tbl_svcs_vivid_info`
--

CREATE TABLE `tbl_svcs_vivid_info` (
  `id` bigint(20) UNSIGNED NOT NULL,
  `survey_id` bigint(20) UNSIGNED NOT NULL,
  `additional_description` text NOT NULL,
  `comments` text NOT NULL,
  `recommendation` text NOT NULL,
  `created_at` timestamp NOT NULL DEFAULT CURRENT_TIMESTAMP,
  `updated_at` timestamp NULL DEFAULT NULL
) ENGINE=InnoDB DEFAULT CHARSET=utf8;

-- --------------------------------------------------------

--
-- Table structure for table `tbl_unit_of_measure`
--

CREATE TABLE `tbl_unit_of_measure` (
  `id` bigint(20) UNSIGNED NOT NULL,
  `unit_of_measure` char(255) DEFAULT NULL,
  `created_at` timestamp NOT NULL DEFAULT CURRENT_TIMESTAMP,
  `updated_at` timestamp NULL DEFAULT NULL ON UPDATE CURRENT_TIMESTAMP
) ENGINE=InnoDB DEFAULT CHARSET=utf8;

--
-- Dumping data for table `tbl_unit_of_measure`
--

INSERT INTO `tbl_unit_of_measure` (`id`, `unit_of_measure`, `created_at`, `updated_at`) VALUES
(1, 'Percentage', '2019-01-05 09:19:53', NULL),
(2, 'Composite Scale', '2019-01-05 09:19:53', NULL),
(3, 'Number', '2019-01-05 09:20:07', NULL);

--
-- Indexes for dumped tables
--

--
-- Indexes for table `tbl_ci_sessions`
--
ALTER TABLE `tbl_ci_sessions`
  ADD KEY `ci_sessions_timestamp` (`timestamp`);

--
-- Indexes for table `tbl_data_collection_for_consultancy_services_contracts`
--
ALTER TABLE `tbl_data_collection_for_consultancy_services_contracts`
  ADD PRIMARY KEY (`id`),
  ADD UNIQUE KEY `id` (`id`),
  ADD KEY `activity_id` (`activity_id`);

--
-- Indexes for table `tbl_data_collection_for_goods_contracts`
--
ALTER TABLE `tbl_data_collection_for_goods_contracts`
  ADD PRIMARY KEY (`id`),
  ADD UNIQUE KEY `id` (`id`),
  ADD KEY `activity_id` (`activity_id`);

--
-- Indexes for table `tbl_data_collection_for_works_contracts`
--
ALTER TABLE `tbl_data_collection_for_works_contracts`
  ADD PRIMARY KEY (`id`),
  ADD UNIQUE KEY `id` (`id`),
  ADD KEY `activity_id` (`activity_id`);

--
-- Indexes for table `tbl_imed_basic_info`
--
ALTER TABLE `tbl_imed_basic_info`
  ADD PRIMARY KEY (`id`),
  ADD UNIQUE KEY `id` (`id`),
  ADD KEY `tbl_imed_basic_info_ibfk_1` (`ministry`),
  ADD KEY `division` (`division`),
  ADD KEY `agency` (`agency`);

--
-- Indexes for table `tbl_imed_contract_implementation`
--
ALTER TABLE `tbl_imed_contract_implementation`
  ADD PRIMARY KEY (`id`),
  ADD UNIQUE KEY `id` (`id`),
  ADD KEY `imed_bi_info` (`imed_bi_id`);

--
-- Indexes for table `tbl_imed_implementation_problems`
--
ALTER TABLE `tbl_imed_implementation_problems`
  ADD PRIMARY KEY (`id`),
  ADD UNIQUE KEY `id` (`id`),
  ADD KEY `imed_bi_id` (`imed_bi_id`),
  ADD KEY `problem_type_id` (`problem_type_id`);

--
-- Indexes for table `tbl_imed_implementation_problem_type`
--
ALTER TABLE `tbl_imed_implementation_problem_type`
  ADD PRIMARY KEY (`id`),
  ADD UNIQUE KEY `id` (`id`);

--
-- Indexes for table `tbl_imed_project_declaration`
--
ALTER TABLE `tbl_imed_project_declaration`
  ADD PRIMARY KEY (`id`),
  ADD UNIQUE KEY `id` (`id`),
  ADD KEY `imed_bi_info` (`imed_bi_id`);

--
-- Indexes for table `tbl_imed_quarterly_component_wise_progress`
--
ALTER TABLE `tbl_imed_quarterly_component_wise_progress`
  ADD PRIMARY KEY (`id`),
  ADD UNIQUE KEY `id` (`id`),
  ADD KEY `imed_bi_id` (`imed_bi_id`);

--
-- Indexes for table `tbl_imed_quarterly_financial_progress`
--
ALTER TABLE `tbl_imed_quarterly_financial_progress`
  ADD PRIMARY KEY (`id`),
  ADD UNIQUE KEY `id` (`id`),
  ADD KEY `imed_bi_id` (`imed_bi_id`);

--
-- Indexes for table `tbl_imed_reason_for_delaying`
--
ALTER TABLE `tbl_imed_reason_for_delaying`
  ADD PRIMARY KEY (`id`),
  ADD UNIQUE KEY `id` (`id`),
  ADD KEY `imed_bi_id` (`imed_bi_id`);

--
-- Indexes for table `tbl_imed_suggested_measures`
--
ALTER TABLE `tbl_imed_suggested_measures`
  ADD PRIMARY KEY (`id`),
  ADD UNIQUE KEY `id` (`id`),
  ADD KEY `imed_bi_info` (`imed_bi_id`);

--
-- Indexes for table `tbl_intermediate_result_indicators_component`
--
ALTER TABLE `tbl_intermediate_result_indicators_component`
  ADD PRIMARY KEY (`id`),
  ADD UNIQUE KEY `id` (`id`);

--
-- Indexes for table `tbl_intermediate_result_indicators_name`
--
ALTER TABLE `tbl_intermediate_result_indicators_name`
  ADD PRIMARY KEY (`id`),
  ADD UNIQUE KEY `id` (`id`);

--
-- Indexes for table `tbl_key_agreed_actions_tracking_activities`
--
ALTER TABLE `tbl_key_agreed_actions_tracking_activities`
  ADD PRIMARY KEY (`id`),
  ADD UNIQUE KEY `id` (`id`),
  ADD KEY `agency` (`agency`);

--
-- Indexes for table `tbl_key_agreed_actions_tracking_sub_activities`
--
ALTER TABLE `tbl_key_agreed_actions_tracking_sub_activities`
  ADD PRIMARY KEY (`id`),
  ADD UNIQUE KEY `id` (`id`),
  ADD KEY `activity_id` (`activity_id`);

--
-- Indexes for table `tbl_list_of_division`
--
ALTER TABLE `tbl_list_of_division`
  ADD PRIMARY KEY (`id`),
  ADD UNIQUE KEY `id` (`id`),
  ADD KEY `ministry_id` (`ministry_id`);

--
-- Indexes for table `tbl_list_of_implementing_agencies`
--
ALTER TABLE `tbl_list_of_implementing_agencies`
  ADD PRIMARY KEY (`id`),
  ADD UNIQUE KEY `id` (`id`);

--
-- Indexes for table `tbl_list_of_ministry`
--
ALTER TABLE `tbl_list_of_ministry`
  ADD PRIMARY KEY (`id`),
  ADD UNIQUE KEY `id` (`id`);

--
-- Indexes for table `tbl_progress_of_procurements_goods_contracts`
--
ALTER TABLE `tbl_progress_of_procurements_goods_contracts`
  ADD PRIMARY KEY (`id`),
  ADD UNIQUE KEY `id` (`id`),
  ADD KEY `contract_id` (`contract_id`);

--
-- Indexes for table `tbl_progress_of_procurements_services_contracts`
--
ALTER TABLE `tbl_progress_of_procurements_services_contracts`
  ADD PRIMARY KEY (`id`),
  ADD UNIQUE KEY `id` (`id`),
  ADD KEY `contract_id` (`contract_id`);

--
-- Indexes for table `tbl_progress_of_procurements_works_contracts`
--
ALTER TABLE `tbl_progress_of_procurements_works_contracts`
  ADD PRIMARY KEY (`id`),
  ADD UNIQUE KEY `id` (`id`),
  ADD KEY `contract_id` (`contract_id`);

--
-- Indexes for table `tbl_project_development_objective_indicators_name`
--
ALTER TABLE `tbl_project_development_objective_indicators_name`
  ADD PRIMARY KEY (`id`),
  ADD UNIQUE KEY `id` (`id`);

--
-- Indexes for table `tbl_result_framework_intermediate_result_indicators`
--
ALTER TABLE `tbl_result_framework_intermediate_result_indicators`
  ADD PRIMARY KEY (`id`),
  ADD UNIQUE KEY `id` (`id`),
  ADD KEY `measure_id` (`measure_id`);

--
-- Indexes for table `tbl_rslt_frmwrk_prjct_dvlpmnt_objctv_indctrs`
--
ALTER TABLE `tbl_rslt_frmwrk_prjct_dvlpmnt_objctv_indctrs`
  ADD PRIMARY KEY (`id`),
  ADD UNIQUE KEY `id` (`id`),
  ADD KEY `ind_id` (`ind_id`),
  ADD KEY `measure_id` (`measure_id`);

--
-- Indexes for table `tbl_svce_description_of_package`
--
ALTER TABLE `tbl_svce_description_of_package`
  ADD PRIMARY KEY (`id`),
  ADD UNIQUE KEY `id` (`id`),
  ADD KEY `survey_id` (`survey_id`);

--
-- Indexes for table `tbl_svce_information_and_training_items`
--
ALTER TABLE `tbl_svce_information_and_training_items`
  ADD PRIMARY KEY (`id`),
  ADD UNIQUE KEY `id` (`id`);

--
-- Indexes for table `tbl_svce_information_and_training_survey`
--
ALTER TABLE `tbl_svce_information_and_training_survey`
  ADD PRIMARY KEY (`id`),
  ADD UNIQUE KEY `id` (`id`),
  ADD KEY `survey_id` (`survey_id`),
  ADD KEY `q_id` (`q_id`);

--
-- Indexes for table `tbl_svce_initial_information`
--
ALTER TABLE `tbl_svce_initial_information`
  ADD PRIMARY KEY (`id`),
  ADD KEY `implementing_agency` (`implementing_agency`);

--
-- Indexes for table `tbl_svce_maintenance_and_inspection_items`
--
ALTER TABLE `tbl_svce_maintenance_and_inspection_items`
  ADD PRIMARY KEY (`id`),
  ADD UNIQUE KEY `id` (`id`);

--
-- Indexes for table `tbl_svce_maintenance_and_inspection_survey`
--
ALTER TABLE `tbl_svce_maintenance_and_inspection_survey`
  ADD PRIMARY KEY (`id`),
  ADD UNIQUE KEY `id` (`id`),
  ADD KEY `survey_id` (`survey_id`),
  ADD KEY `q_id` (`q_id`);

--
-- Indexes for table `tbl_svce_safety_features_items`
--
ALTER TABLE `tbl_svce_safety_features_items`
  ADD PRIMARY KEY (`id`),
  ADD UNIQUE KEY `id` (`id`);

--
-- Indexes for table `tbl_svce_safety_features_survey`
--
ALTER TABLE `tbl_svce_safety_features_survey`
  ADD PRIMARY KEY (`id`),
  ADD UNIQUE KEY `id` (`id`),
  ADD KEY `survey_id` (`survey_id`),
  ADD KEY `q_id` (`q_id`);

--
-- Indexes for table `tbl_svce_safety_signs_and_warnings_survey`
--
ALTER TABLE `tbl_svce_safety_signs_and_warnings_survey`
  ADD PRIMARY KEY (`id`),
  ADD UNIQUE KEY `id` (`id`),
  ADD KEY `survey_id` (`survey_id`),
  ADD KEY `q_id` (`q_id`);

--
-- Indexes for table `tbl_svce_safety_signs_and_warning_items`
--
ALTER TABLE `tbl_svce_safety_signs_and_warning_items`
  ADD PRIMARY KEY (`id`),
  ADD UNIQUE KEY `id` (`id`);

--
-- Indexes for table `tbl_svce_specific_hazards_items`
--
ALTER TABLE `tbl_svce_specific_hazards_items`
  ADD PRIMARY KEY (`id`),
  ADD UNIQUE KEY `id` (`id`);

--
-- Indexes for table `tbl_svce_specific_hazards_survey`
--
ALTER TABLE `tbl_svce_specific_hazards_survey`
  ADD PRIMARY KEY (`id`),
  ADD UNIQUE KEY `id` (`id`),
  ADD KEY `survey_id` (`survey_id`),
  ADD KEY `q_id` (`q_id`);

--
-- Indexes for table `tbl_svce_vivid_info`
--
ALTER TABLE `tbl_svce_vivid_info`
  ADD PRIMARY KEY (`id`),
  ADD UNIQUE KEY `id` (`id`),
  ADD KEY `survey_id` (`survey_id`);

--
-- Indexes for table `tbl_svce_work_adequate_to_protect_items`
--
ALTER TABLE `tbl_svce_work_adequate_to_protect_items`
  ADD PRIMARY KEY (`id`),
  ADD UNIQUE KEY `id` (`id`);

--
-- Indexes for table `tbl_svce_work_adequate_to_protect_survey`
--
ALTER TABLE `tbl_svce_work_adequate_to_protect_survey`
  ADD PRIMARY KEY (`id`),
  ADD UNIQUE KEY `id` (`id`),
  ADD KEY `survey_id` (`survey_id`),
  ADD KEY `q_id` (`q_id`);

--
-- Indexes for table `tbl_svcs_description_of_package`
--
ALTER TABLE `tbl_svcs_description_of_package`
  ADD UNIQUE KEY `id` (`id`),
  ADD KEY `survey_id` (`survey_id`);

--
-- Indexes for table `tbl_svcs_initial_information`
--
ALTER TABLE `tbl_svcs_initial_information`
  ADD PRIMARY KEY (`id`),
  ADD KEY `implementing_agency` (`implementing_agency`);

--
-- Indexes for table `tbl_svcs_structure_checklist_items`
--
ALTER TABLE `tbl_svcs_structure_checklist_items`
  ADD PRIMARY KEY (`id`),
  ADD UNIQUE KEY `id` (`id`);

--
-- Indexes for table `tbl_svcs_survey`
--
ALTER TABLE `tbl_svcs_survey`
  ADD PRIMARY KEY (`id`),
  ADD UNIQUE KEY `id` (`id`),
  ADD KEY `survey_id` (`survey_id`),
  ADD KEY `q_id` (`q_id`);

--
-- Indexes for table `tbl_svcs_vivid_info`
--
ALTER TABLE `tbl_svcs_vivid_info`
  ADD PRIMARY KEY (`id`),
  ADD UNIQUE KEY `id` (`id`),
  ADD KEY `survey_id` (`survey_id`);

--
-- Indexes for table `tbl_unit_of_measure`
--
ALTER TABLE `tbl_unit_of_measure`
  ADD PRIMARY KEY (`id`),
  ADD UNIQUE KEY `id` (`id`);

--
-- AUTO_INCREMENT for dumped tables
--

--
-- AUTO_INCREMENT for table `tbl_data_collection_for_consultancy_services_contracts`
--
ALTER TABLE `tbl_data_collection_for_consultancy_services_contracts`
  MODIFY `id` bigint(20) UNSIGNED NOT NULL AUTO_INCREMENT;

--
-- AUTO_INCREMENT for table `tbl_data_collection_for_goods_contracts`
--
ALTER TABLE `tbl_data_collection_for_goods_contracts`
  MODIFY `id` bigint(20) UNSIGNED NOT NULL AUTO_INCREMENT;

--
-- AUTO_INCREMENT for table `tbl_data_collection_for_works_contracts`
--
ALTER TABLE `tbl_data_collection_for_works_contracts`
  MODIFY `id` bigint(20) UNSIGNED NOT NULL AUTO_INCREMENT;

--
-- AUTO_INCREMENT for table `tbl_imed_basic_info`
--
ALTER TABLE `tbl_imed_basic_info`
  MODIFY `id` bigint(20) UNSIGNED NOT NULL AUTO_INCREMENT, AUTO_INCREMENT=4;

--
-- AUTO_INCREMENT for table `tbl_imed_contract_implementation`
--
ALTER TABLE `tbl_imed_contract_implementation`
  MODIFY `id` bigint(20) UNSIGNED NOT NULL AUTO_INCREMENT, AUTO_INCREMENT=4;

--
-- AUTO_INCREMENT for table `tbl_imed_implementation_problems`
--
ALTER TABLE `tbl_imed_implementation_problems`
  MODIFY `id` bigint(20) UNSIGNED NOT NULL AUTO_INCREMENT, AUTO_INCREMENT=4;

--
-- AUTO_INCREMENT for table `tbl_imed_implementation_problem_type`
--
ALTER TABLE `tbl_imed_implementation_problem_type`
  MODIFY `id` bigint(20) UNSIGNED NOT NULL AUTO_INCREMENT, AUTO_INCREMENT=7;

--
-- AUTO_INCREMENT for table `tbl_imed_project_declaration`
--
ALTER TABLE `tbl_imed_project_declaration`
  MODIFY `id` bigint(20) UNSIGNED NOT NULL AUTO_INCREMENT, AUTO_INCREMENT=4;

--
-- AUTO_INCREMENT for table `tbl_imed_quarterly_component_wise_progress`
--
ALTER TABLE `tbl_imed_quarterly_component_wise_progress`
  MODIFY `id` bigint(20) UNSIGNED NOT NULL AUTO_INCREMENT, AUTO_INCREMENT=4;

--
-- AUTO_INCREMENT for table `tbl_imed_quarterly_financial_progress`
--
ALTER TABLE `tbl_imed_quarterly_financial_progress`
  MODIFY `id` bigint(20) UNSIGNED NOT NULL AUTO_INCREMENT, AUTO_INCREMENT=4;

--
-- AUTO_INCREMENT for table `tbl_imed_reason_for_delaying`
--
ALTER TABLE `tbl_imed_reason_for_delaying`
  MODIFY `id` bigint(20) UNSIGNED NOT NULL AUTO_INCREMENT, AUTO_INCREMENT=4;

--
-- AUTO_INCREMENT for table `tbl_imed_suggested_measures`
--
ALTER TABLE `tbl_imed_suggested_measures`
  MODIFY `id` bigint(20) UNSIGNED NOT NULL AUTO_INCREMENT, AUTO_INCREMENT=4;

--
-- AUTO_INCREMENT for table `tbl_intermediate_result_indicators_component`
--
ALTER TABLE `tbl_intermediate_result_indicators_component`
  MODIFY `id` bigint(20) UNSIGNED NOT NULL AUTO_INCREMENT;

--
-- AUTO_INCREMENT for table `tbl_intermediate_result_indicators_name`
--
ALTER TABLE `tbl_intermediate_result_indicators_name`
  MODIFY `id` bigint(20) UNSIGNED NOT NULL AUTO_INCREMENT;

--
-- AUTO_INCREMENT for table `tbl_key_agreed_actions_tracking_activities`
--
ALTER TABLE `tbl_key_agreed_actions_tracking_activities`
  MODIFY `id` bigint(20) UNSIGNED NOT NULL AUTO_INCREMENT;

--
-- AUTO_INCREMENT for table `tbl_key_agreed_actions_tracking_sub_activities`
--
ALTER TABLE `tbl_key_agreed_actions_tracking_sub_activities`
  MODIFY `id` bigint(20) UNSIGNED NOT NULL AUTO_INCREMENT;

--
-- AUTO_INCREMENT for table `tbl_list_of_division`
--
ALTER TABLE `tbl_list_of_division`
  MODIFY `id` bigint(20) UNSIGNED NOT NULL AUTO_INCREMENT, AUTO_INCREMENT=4;

--
-- AUTO_INCREMENT for table `tbl_list_of_implementing_agencies`
--
ALTER TABLE `tbl_list_of_implementing_agencies`
  MODIFY `id` bigint(20) UNSIGNED NOT NULL AUTO_INCREMENT, AUTO_INCREMENT=8;

--
-- AUTO_INCREMENT for table `tbl_list_of_ministry`
--
ALTER TABLE `tbl_list_of_ministry`
  MODIFY `id` bigint(20) UNSIGNED NOT NULL AUTO_INCREMENT, AUTO_INCREMENT=40;

--
-- AUTO_INCREMENT for table `tbl_progress_of_procurements_goods_contracts`
--
ALTER TABLE `tbl_progress_of_procurements_goods_contracts`
  MODIFY `id` bigint(20) UNSIGNED NOT NULL AUTO_INCREMENT;

--
-- AUTO_INCREMENT for table `tbl_progress_of_procurements_services_contracts`
--
ALTER TABLE `tbl_progress_of_procurements_services_contracts`
  MODIFY `id` bigint(20) UNSIGNED NOT NULL AUTO_INCREMENT;

--
-- AUTO_INCREMENT for table `tbl_progress_of_procurements_works_contracts`
--
ALTER TABLE `tbl_progress_of_procurements_works_contracts`
  MODIFY `id` bigint(20) UNSIGNED NOT NULL AUTO_INCREMENT;

--
-- AUTO_INCREMENT for table `tbl_project_development_objective_indicators_name`
--
ALTER TABLE `tbl_project_development_objective_indicators_name`
  MODIFY `id` bigint(20) UNSIGNED NOT NULL AUTO_INCREMENT, AUTO_INCREMENT=2;

--
-- AUTO_INCREMENT for table `tbl_result_framework_intermediate_result_indicators`
--
ALTER TABLE `tbl_result_framework_intermediate_result_indicators`
  MODIFY `id` bigint(20) UNSIGNED NOT NULL AUTO_INCREMENT;

--
-- AUTO_INCREMENT for table `tbl_rslt_frmwrk_prjct_dvlpmnt_objctv_indctrs`
--
ALTER TABLE `tbl_rslt_frmwrk_prjct_dvlpmnt_objctv_indctrs`
  MODIFY `id` bigint(20) UNSIGNED NOT NULL AUTO_INCREMENT;

--
-- AUTO_INCREMENT for table `tbl_svce_description_of_package`
--
ALTER TABLE `tbl_svce_description_of_package`
  MODIFY `id` bigint(20) UNSIGNED NOT NULL AUTO_INCREMENT;

--
-- AUTO_INCREMENT for table `tbl_svce_information_and_training_items`
--
ALTER TABLE `tbl_svce_information_and_training_items`
  MODIFY `id` bigint(20) UNSIGNED NOT NULL AUTO_INCREMENT;

--
-- AUTO_INCREMENT for table `tbl_svce_information_and_training_survey`
--
ALTER TABLE `tbl_svce_information_and_training_survey`
  MODIFY `id` bigint(20) UNSIGNED NOT NULL AUTO_INCREMENT;

--
-- AUTO_INCREMENT for table `tbl_svce_maintenance_and_inspection_items`
--
ALTER TABLE `tbl_svce_maintenance_and_inspection_items`
  MODIFY `id` bigint(20) UNSIGNED NOT NULL AUTO_INCREMENT;

--
-- AUTO_INCREMENT for table `tbl_svce_maintenance_and_inspection_survey`
--
ALTER TABLE `tbl_svce_maintenance_and_inspection_survey`
  MODIFY `id` bigint(20) UNSIGNED NOT NULL AUTO_INCREMENT;

--
-- AUTO_INCREMENT for table `tbl_svce_safety_features_items`
--
ALTER TABLE `tbl_svce_safety_features_items`
  MODIFY `id` bigint(20) UNSIGNED NOT NULL AUTO_INCREMENT;

--
-- AUTO_INCREMENT for table `tbl_svce_safety_features_survey`
--
ALTER TABLE `tbl_svce_safety_features_survey`
  MODIFY `id` bigint(20) UNSIGNED NOT NULL AUTO_INCREMENT;

--
-- AUTO_INCREMENT for table `tbl_svce_safety_signs_and_warnings_survey`
--
ALTER TABLE `tbl_svce_safety_signs_and_warnings_survey`
  MODIFY `id` bigint(20) UNSIGNED NOT NULL AUTO_INCREMENT;

--
-- AUTO_INCREMENT for table `tbl_svce_safety_signs_and_warning_items`
--
ALTER TABLE `tbl_svce_safety_signs_and_warning_items`
  MODIFY `id` bigint(20) UNSIGNED NOT NULL AUTO_INCREMENT;

--
-- AUTO_INCREMENT for table `tbl_svce_specific_hazards_items`
--
ALTER TABLE `tbl_svce_specific_hazards_items`
  MODIFY `id` bigint(20) UNSIGNED NOT NULL AUTO_INCREMENT;

--
-- AUTO_INCREMENT for table `tbl_svce_specific_hazards_survey`
--
ALTER TABLE `tbl_svce_specific_hazards_survey`
  MODIFY `id` bigint(20) UNSIGNED NOT NULL AUTO_INCREMENT;

--
-- AUTO_INCREMENT for table `tbl_svce_vivid_info`
--
ALTER TABLE `tbl_svce_vivid_info`
  MODIFY `id` bigint(20) UNSIGNED NOT NULL AUTO_INCREMENT;

--
-- AUTO_INCREMENT for table `tbl_svce_work_adequate_to_protect_items`
--
ALTER TABLE `tbl_svce_work_adequate_to_protect_items`
  MODIFY `id` bigint(20) UNSIGNED NOT NULL AUTO_INCREMENT;

--
-- AUTO_INCREMENT for table `tbl_svce_work_adequate_to_protect_survey`
--
ALTER TABLE `tbl_svce_work_adequate_to_protect_survey`
  MODIFY `id` bigint(20) UNSIGNED NOT NULL AUTO_INCREMENT;

--
-- AUTO_INCREMENT for table `tbl_svcs_description_of_package`
--
ALTER TABLE `tbl_svcs_description_of_package`
  MODIFY `id` bigint(20) UNSIGNED NOT NULL AUTO_INCREMENT;

--
-- AUTO_INCREMENT for table `tbl_svcs_structure_checklist_items`
--
ALTER TABLE `tbl_svcs_structure_checklist_items`
  MODIFY `id` bigint(20) UNSIGNED NOT NULL AUTO_INCREMENT, AUTO_INCREMENT=20;

--
-- AUTO_INCREMENT for table `tbl_svcs_survey`
--
ALTER TABLE `tbl_svcs_survey`
  MODIFY `id` bigint(20) UNSIGNED NOT NULL AUTO_INCREMENT;

--
-- AUTO_INCREMENT for table `tbl_svcs_vivid_info`
--
ALTER TABLE `tbl_svcs_vivid_info`
  MODIFY `id` bigint(20) UNSIGNED NOT NULL AUTO_INCREMENT;

--
-- AUTO_INCREMENT for table `tbl_unit_of_measure`
--
ALTER TABLE `tbl_unit_of_measure`
  MODIFY `id` bigint(20) UNSIGNED NOT NULL AUTO_INCREMENT, AUTO_INCREMENT=4;

--
-- Constraints for dumped tables
--

--
-- Constraints for table `tbl_data_collection_for_consultancy_services_contracts`
--
ALTER TABLE `tbl_data_collection_for_consultancy_services_contracts`
  ADD CONSTRAINT `tbl_data_collection_for_consultancy_services_contracts_ibfk_1` FOREIGN KEY (`activity_id`) REFERENCES `tbl_key_agreed_actions_tracking_activities` (`id`) ON DELETE CASCADE;

--
-- Constraints for table `tbl_data_collection_for_goods_contracts`
--
ALTER TABLE `tbl_data_collection_for_goods_contracts`
  ADD CONSTRAINT `tbl_data_collection_for_goods_contracts_ibfk_1` FOREIGN KEY (`activity_id`) REFERENCES `tbl_key_agreed_actions_tracking_activities` (`id`) ON DELETE CASCADE;

--
-- Constraints for table `tbl_data_collection_for_works_contracts`
--
ALTER TABLE `tbl_data_collection_for_works_contracts`
  ADD CONSTRAINT `tbl_data_collection_for_works_contracts_ibfk_1` FOREIGN KEY (`activity_id`) REFERENCES `tbl_key_agreed_actions_tracking_activities` (`id`) ON DELETE CASCADE;

--
-- Constraints for table `tbl_imed_basic_info`
--
ALTER TABLE `tbl_imed_basic_info`
  ADD CONSTRAINT `tbl_imed_basic_info_ibfk_1` FOREIGN KEY (`ministry`) REFERENCES `tbl_list_of_ministry` (`id`) ON UPDATE NO ACTION,
  ADD CONSTRAINT `tbl_imed_basic_info_ibfk_2` FOREIGN KEY (`division`) REFERENCES `tbl_list_of_division` (`id`) ON UPDATE NO ACTION,
  ADD CONSTRAINT `tbl_imed_basic_info_ibfk_3` FOREIGN KEY (`agency`) REFERENCES `tbl_list_of_implementing_agencies` (`id`) ON UPDATE NO ACTION;

--
-- Constraints for table `tbl_imed_contract_implementation`
--
ALTER TABLE `tbl_imed_contract_implementation`
  ADD CONSTRAINT `tbl_imed_contract_implementation_ibfk_1` FOREIGN KEY (`imed_bi_id`) REFERENCES `tbl_imed_basic_info` (`id`) ON DELETE CASCADE ON UPDATE NO ACTION;

--
-- Constraints for table `tbl_imed_implementation_problems`
--
ALTER TABLE `tbl_imed_implementation_problems`
  ADD CONSTRAINT `tbl_imed_implementation_problems_ibfk_1` FOREIGN KEY (`imed_bi_id`) REFERENCES `tbl_imed_implementation_problems` (`id`) ON DELETE CASCADE ON UPDATE NO ACTION,
  ADD CONSTRAINT `tbl_imed_implementation_problems_ibfk_2` FOREIGN KEY (`problem_type_id`) REFERENCES `tbl_imed_implementation_problem_type` (`id`);

--
-- Constraints for table `tbl_imed_project_declaration`
--
ALTER TABLE `tbl_imed_project_declaration`
  ADD CONSTRAINT `tbl_imed_project_declaration_ibfk_1` FOREIGN KEY (`imed_bi_id`) REFERENCES `tbl_imed_basic_info` (`id`) ON DELETE CASCADE ON UPDATE NO ACTION;

--
-- Constraints for table `tbl_imed_quarterly_component_wise_progress`
--
ALTER TABLE `tbl_imed_quarterly_component_wise_progress`
  ADD CONSTRAINT `tbl_imed_quarterly_component_wise_progress_ibfk_1` FOREIGN KEY (`imed_bi_id`) REFERENCES `tbl_imed_basic_info` (`id`) ON DELETE CASCADE ON UPDATE NO ACTION;

--
-- Constraints for table `tbl_imed_quarterly_financial_progress`
--
ALTER TABLE `tbl_imed_quarterly_financial_progress`
  ADD CONSTRAINT `tbl_imed_quarterly_financial_progress_ibfk_1` FOREIGN KEY (`imed_bi_id`) REFERENCES `tbl_imed_basic_info` (`id`) ON DELETE CASCADE ON UPDATE NO ACTION;

--
-- Constraints for table `tbl_imed_reason_for_delaying`
--
ALTER TABLE `tbl_imed_reason_for_delaying`
  ADD CONSTRAINT `tbl_imed_reason_for_delaying_ibfk_1` FOREIGN KEY (`imed_bi_id`) REFERENCES `tbl_imed_basic_info` (`id`) ON DELETE CASCADE ON UPDATE NO ACTION;

--
-- Constraints for table `tbl_imed_suggested_measures`
--
ALTER TABLE `tbl_imed_suggested_measures`
  ADD CONSTRAINT `tbl_imed_suggested_measures_ibfk_1` FOREIGN KEY (`imed_bi_id`) REFERENCES `tbl_imed_basic_info` (`id`) ON DELETE CASCADE ON UPDATE NO ACTION;

--
-- Constraints for table `tbl_key_agreed_actions_tracking_activities`
--
ALTER TABLE `tbl_key_agreed_actions_tracking_activities`
  ADD CONSTRAINT `tbl_key_agreed_actions_tracking_activities_ibfk_1` FOREIGN KEY (`agency`) REFERENCES `tbl_list_of_implementing_agencies` (`id`);

--
-- Constraints for table `tbl_key_agreed_actions_tracking_sub_activities`
--
ALTER TABLE `tbl_key_agreed_actions_tracking_sub_activities`
  ADD CONSTRAINT `tbl_key_agreed_actions_tracking_sub_activities_ibfk_1` FOREIGN KEY (`activity_id`) REFERENCES `tbl_key_agreed_actions_tracking_activities` (`id`) ON DELETE CASCADE;

--
-- Constraints for table `tbl_list_of_division`
--
ALTER TABLE `tbl_list_of_division`
  ADD CONSTRAINT `tbl_list_of_division_ibfk_1` FOREIGN KEY (`ministry_id`) REFERENCES `tbl_list_of_ministry` (`id`) ON DELETE CASCADE ON UPDATE NO ACTION;

--
-- Constraints for table `tbl_progress_of_procurements_goods_contracts`
--
ALTER TABLE `tbl_progress_of_procurements_goods_contracts`
  ADD CONSTRAINT `tbl_progress_of_procurements_goods_contracts_ibfk_1` FOREIGN KEY (`contract_id`) REFERENCES `tbl_data_collection_for_goods_contracts` (`id`) ON DELETE CASCADE;

--
-- Constraints for table `tbl_progress_of_procurements_services_contracts`
--
ALTER TABLE `tbl_progress_of_procurements_services_contracts`
  ADD CONSTRAINT `tbl_progress_of_procurements_services_contracts_ibfk_1` FOREIGN KEY (`contract_id`) REFERENCES `tbl_data_collection_for_consultancy_services_contracts` (`id`) ON DELETE CASCADE;

--
-- Constraints for table `tbl_progress_of_procurements_works_contracts`
--
ALTER TABLE `tbl_progress_of_procurements_works_contracts`
  ADD CONSTRAINT `tbl_progress_of_procurements_works_contracts_ibfk_1` FOREIGN KEY (`contract_id`) REFERENCES `tbl_data_collection_for_works_contracts` (`id`) ON DELETE CASCADE;

--
-- Constraints for table `tbl_result_framework_intermediate_result_indicators`
--
ALTER TABLE `tbl_result_framework_intermediate_result_indicators`
  ADD CONSTRAINT `tbl_result_framework_intermediate_result_indicators_ibfk_1` FOREIGN KEY (`measure_id`) REFERENCES `tbl_unit_of_measure` (`id`) ON DELETE NO ACTION ON UPDATE NO ACTION;

--
-- Constraints for table `tbl_rslt_frmwrk_prjct_dvlpmnt_objctv_indctrs`
--
ALTER TABLE `tbl_rslt_frmwrk_prjct_dvlpmnt_objctv_indctrs`
  ADD CONSTRAINT `tbl_rslt_frmwrk_prjct_dvlpmnt_objctv_indctrs_ibfk_1` FOREIGN KEY (`ind_id`) REFERENCES `tbl_project_development_objective_indicators_name` (`id`) ON DELETE CASCADE ON UPDATE NO ACTION,
  ADD CONSTRAINT `tbl_rslt_frmwrk_prjct_dvlpmnt_objctv_indctrs_ibfk_2` FOREIGN KEY (`measure_id`) REFERENCES `tbl_unit_of_measure` (`id`) ON DELETE CASCADE ON UPDATE NO ACTION;

--
-- Constraints for table `tbl_svce_description_of_package`
--
ALTER TABLE `tbl_svce_description_of_package`
  ADD CONSTRAINT `tbl_svce_description_of_package_ibfk_1` FOREIGN KEY (`survey_id`) REFERENCES `tbl_svce_initial_information` (`id`) ON DELETE CASCADE ON UPDATE NO ACTION;

--
-- Constraints for table `tbl_svce_information_and_training_survey`
--
ALTER TABLE `tbl_svce_information_and_training_survey`
  ADD CONSTRAINT `tbl_svce_information_and_training_survey_ibfk_1` FOREIGN KEY (`survey_id`) REFERENCES `tbl_svce_initial_information` (`id`) ON DELETE CASCADE ON UPDATE NO ACTION,
  ADD CONSTRAINT `tbl_svce_information_and_training_survey_ibfk_2` FOREIGN KEY (`q_id`) REFERENCES `tbl_svce_information_and_training_items` (`id`) ON DELETE CASCADE ON UPDATE NO ACTION;

--
-- Constraints for table `tbl_svce_initial_information`
--
ALTER TABLE `tbl_svce_initial_information`
  ADD CONSTRAINT `tbl_svce_initial_information_ibfk_1` FOREIGN KEY (`implementing_agency`) REFERENCES `tbl_list_of_implementing_agencies` (`id`) ON DELETE NO ACTION ON UPDATE NO ACTION;

--
-- Constraints for table `tbl_svce_maintenance_and_inspection_survey`
--
ALTER TABLE `tbl_svce_maintenance_and_inspection_survey`
  ADD CONSTRAINT `tbl_svce_maintenance_and_inspection_survey_ibfk_1` FOREIGN KEY (`survey_id`) REFERENCES `tbl_svce_initial_information` (`id`) ON DELETE CASCADE ON UPDATE NO ACTION,
  ADD CONSTRAINT `tbl_svce_maintenance_and_inspection_survey_ibfk_2` FOREIGN KEY (`q_id`) REFERENCES `tbl_svce_maintenance_and_inspection_items` (`id`) ON DELETE CASCADE ON UPDATE NO ACTION;

--
-- Constraints for table `tbl_svce_safety_features_survey`
--
ALTER TABLE `tbl_svce_safety_features_survey`
  ADD CONSTRAINT `tbl_svce_safety_features_survey_ibfk_1` FOREIGN KEY (`survey_id`) REFERENCES `tbl_svce_initial_information` (`id`) ON DELETE CASCADE ON UPDATE NO ACTION,
  ADD CONSTRAINT `tbl_svce_safety_features_survey_ibfk_2` FOREIGN KEY (`q_id`) REFERENCES `tbl_svce_safety_features_items` (`id`) ON DELETE CASCADE ON UPDATE NO ACTION;

--
-- Constraints for table `tbl_svce_safety_signs_and_warnings_survey`
--
ALTER TABLE `tbl_svce_safety_signs_and_warnings_survey`
  ADD CONSTRAINT `tbl_svce_safety_signs_and_warnings_survey_ibfk_1` FOREIGN KEY (`survey_id`) REFERENCES `tbl_svce_initial_information` (`id`) ON DELETE CASCADE ON UPDATE NO ACTION,
  ADD CONSTRAINT `tbl_svce_safety_signs_and_warnings_survey_ibfk_2` FOREIGN KEY (`q_id`) REFERENCES `tbl_svce_safety_signs_and_warning_items` (`id`) ON DELETE CASCADE ON UPDATE NO ACTION;

--
-- Constraints for table `tbl_svce_specific_hazards_survey`
--
ALTER TABLE `tbl_svce_specific_hazards_survey`
  ADD CONSTRAINT `tbl_svce_specific_hazards_survey_ibfk_1` FOREIGN KEY (`survey_id`) REFERENCES `tbl_svce_initial_information` (`id`) ON DELETE CASCADE ON UPDATE NO ACTION,
  ADD CONSTRAINT `tbl_svce_specific_hazards_survey_ibfk_2` FOREIGN KEY (`q_id`) REFERENCES `tbl_svce_specific_hazards_items` (`id`) ON DELETE CASCADE ON UPDATE NO ACTION;

--
-- Constraints for table `tbl_svce_vivid_info`
--
ALTER TABLE `tbl_svce_vivid_info`
  ADD CONSTRAINT `tbl_svce_vivid_info_ibfk_1` FOREIGN KEY (`survey_id`) REFERENCES `tbl_svce_initial_information` (`id`) ON DELETE CASCADE ON UPDATE NO ACTION;

--
-- Constraints for table `tbl_svce_work_adequate_to_protect_survey`
--
ALTER TABLE `tbl_svce_work_adequate_to_protect_survey`
  ADD CONSTRAINT `tbl_svce_work_adequate_to_protect_survey_ibfk_1` FOREIGN KEY (`survey_id`) REFERENCES `tbl_svce_initial_information` (`id`) ON DELETE CASCADE ON UPDATE NO ACTION,
  ADD CONSTRAINT `tbl_svce_work_adequate_to_protect_survey_ibfk_2` FOREIGN KEY (`q_id`) REFERENCES `tbl_svce_work_adequate_to_protect_items` (`id`) ON DELETE CASCADE ON UPDATE NO ACTION;

--
-- Constraints for table `tbl_svcs_description_of_package`
--
ALTER TABLE `tbl_svcs_description_of_package`
  ADD CONSTRAINT `tbl_svcs_description_of_package_ibfk_1` FOREIGN KEY (`survey_id`) REFERENCES `tbl_svcs_initial_information` (`id`) ON DELETE CASCADE ON UPDATE NO ACTION;

--
-- Constraints for table `tbl_svcs_initial_information`
--
ALTER TABLE `tbl_svcs_initial_information`
  ADD CONSTRAINT `tbl_svcs_initial_information_ibfk_1` FOREIGN KEY (`implementing_agency`) REFERENCES `tbl_list_of_implementing_agencies` (`id`) ON DELETE NO ACTION ON UPDATE NO ACTION;

--
-- Constraints for table `tbl_svcs_survey`
--
ALTER TABLE `tbl_svcs_survey`
  ADD CONSTRAINT `tbl_svcs_survey_ibfk_1` FOREIGN KEY (`survey_id`) REFERENCES `tbl_svcs_initial_information` (`id`) ON DELETE CASCADE ON UPDATE NO ACTION,
  ADD CONSTRAINT `tbl_svcs_survey_ibfk_2` FOREIGN KEY (`q_id`) REFERENCES `tbl_svcs_structure_checklist_items` (`id`) ON DELETE CASCADE ON UPDATE NO ACTION;

--
-- Constraints for table `tbl_svcs_vivid_info`
--
ALTER TABLE `tbl_svcs_vivid_info`
  ADD CONSTRAINT `tbl_svcs_vivid_info_ibfk_1` FOREIGN KEY (`survey_id`) REFERENCES `tbl_svcs_initial_information` (`id`) ON DELETE CASCADE ON UPDATE NO ACTION;
COMMIT;

/*!40101 SET CHARACTER_SET_CLIENT=@OLD_CHARACTER_SET_CLIENT */;
/*!40101 SET CHARACTER_SET_RESULTS=@OLD_CHARACTER_SET_RESULTS */;
/*!40101 SET COLLATION_CONNECTION=@OLD_COLLATION_CONNECTION */;
