-- phpMyAdmin SQL Dump
-- version 4.8.4
-- https://www.phpmyadmin.net/
--
-- Host: 127.0.0.1
-- Generation Time: Feb 07, 2019 at 01:06 PM
-- Server version: 10.1.37-MariaDB
-- PHP Version: 7.3.0

SET SQL_MODE = "NO_AUTO_VALUE_ON_ZERO";
SET AUTOCOMMIT = 0;
START TRANSACTION;
SET time_zone = "+00:00";


/*!40101 SET @OLD_CHARACTER_SET_CLIENT=@@CHARACTER_SET_CLIENT */;
/*!40101 SET @OLD_CHARACTER_SET_RESULTS=@@CHARACTER_SET_RESULTS */;
/*!40101 SET @OLD_COLLATION_CONNECTION=@@COLLATION_CONNECTION */;
/*!40101 SET NAMES utf8mb4 */;

--
-- Database: `db_pmis`
--

-- --------------------------------------------------------

--
-- Table structure for table `tbl_ci_sessions`
--

CREATE TABLE `tbl_ci_sessions` (
  `id` varchar(128) NOT NULL,
  `ip_address` varchar(45) NOT NULL,
  `timestamp` int(10) UNSIGNED NOT NULL DEFAULT '0',
  `data` blob NOT NULL
) ENGINE=InnoDB DEFAULT CHARSET=utf8;

--
-- Dumping data for table `tbl_ci_sessions`
--

INSERT INTO `tbl_ci_sessions` (`id`, `ip_address`, `timestamp`, `data`) VALUES
('tdc4urtjpr7ips9lsadejg227410ft9j', '::1', 1548238643, 0x5f5f63695f6c6173745f726567656e65726174657c693a313534383233383634333b),
('ot9iijglo9rusmfa6jttd6rkrcictib4', '::1', 1548242321, 0x5f5f63695f6c6173745f726567656e65726174657c693a313534383234323332313b),
('8fm66okb76l7dvjq2ki4jlj8g127o91q', '::1', 1548242786, 0x5f5f63695f6c6173745f726567656e65726174657c693a313534383234323738363b),
('2cbkmtnh89nt0e1esdiaoj7e9t7ijj0n', '::1', 1548243124, 0x5f5f63695f6c6173745f726567656e65726174657c693a313534383234333132343b),
('mun9j9k68954ipni4agqfb67hqlarklb', '::1', 1548245112, 0x5f5f63695f6c6173745f726567656e65726174657c693a313534383234353131323b),
('o3fiblgj1eq8bdcmll929pu509io4vh6', '::1', 1548245396, 0x5f5f63695f6c6173745f726567656e65726174657c693a313534383234353131323b),
('oi93s7mb53fg8b6nhjsmfr1ln97spari', '::1', 1548313610, 0x5f5f63695f6c6173745f726567656e65726174657c693a313534383331333631303b),
('liq8ap958c1t4451jlarho20esv20an1', '::1', 1548318597, 0x5f5f63695f6c6173745f726567656e65726174657c693a313534383331383539373b),
('fv2067javtej57nm75alab6gknlbss2s', '::1', 1548321443, 0x5f5f63695f6c6173745f726567656e65726174657c693a313534383332313434333b),
('4ll8iokadstol64vlgccu9shih2p909a', '::1', 1548321767, 0x5f5f63695f6c6173745f726567656e65726174657c693a313534383332313736373b63726e745f696d65647c693a333b),
('4cl705qti6ib1j0ondaau0av47i6ta5q', '::1', 1548325360, 0x5f5f63695f6c6173745f726567656e65726174657c693a313534383332353336303b),
('072h91eclcks8rs5oni9699ad4ln68go', '::1', 1548325436, 0x5f5f63695f6c6173745f726567656e65726174657c693a313534383332353336303b),
('gc8rjogreo1ue09fdifiqle83kmuv57l', '::1', 1548566820, 0x5f5f63695f6c6173745f726567656e65726174657c693a313534383536363832303b),
('d837brh7bpjf24bij5ruucp6461kdhv4', '::1', 1548568783, 0x5f5f63695f6c6173745f726567656e65726174657c693a313534383536383738333b),
('2rsvu93ocftpvqk7gb0jtqgh7pfred91', '::1', 1548568783, 0x5f5f63695f6c6173745f726567656e65726174657c693a313534383536383738333b),
('oripmdgcggmkfuft476qnkopl6avt21t', '::1', 1548576748, 0x5f5f63695f6c6173745f726567656e65726174657c693a313534383537363734313b),
('7jan6j6h67g662dn9n2eahsi42fdcea9', '::1', 1548587571, 0x5f5f63695f6c6173745f726567656e65726174657c693a313534383538373537313b),
('ahkrmobeinc2qr4gbj2jqle13e78c0hc', '::1', 1548654414, 0x5f5f63695f6c6173745f726567656e65726174657c693a313534383635343431343b),
('vme24sgd0haguu135anl57c4leh4vng4', '::1', 1548654414, 0x5f5f63695f6c6173745f726567656e65726174657c693a313534383635343431343b),
('fn2k47jj45h82e9gsua493fjo030g9fv', '::1', 1548665088, 0x5f5f63695f6c6173745f726567656e65726174657c693a313534383636353038383b),
('njtgc7s3pk6339ad9rn6bf3e30fqs1fm', '::1', 1548665381, 0x5f5f63695f6c6173745f726567656e65726174657c693a313534383636353038383b),
('ec250u6kaoqjgr461k6q8db2odb73chi', '::1', 1548677202, 0x5f5f63695f6c6173745f726567656e65726174657c693a313534383637373230323b),
('6guuoq6dcqavjbgubl51ar6u5lqfr5hi', '::1', 1548677531, 0x5f5f63695f6c6173745f726567656e65726174657c693a313534383637373533313b),
('d5icvefqcvcbe2f6jkohhjeknhfm44ka', '::1', 1548677842, 0x5f5f63695f6c6173745f726567656e65726174657c693a313534383637373834323b),
('5n7vitefbjeva554etd1mgd58hpkka1j', '::1', 1548678215, 0x5f5f63695f6c6173745f726567656e65726174657c693a313534383637383231353b),
('bfnpl37c68ii419524mmjns57tfvuvei', '::1', 1548678847, 0x5f5f63695f6c6173745f726567656e65726174657c693a313534383637383834373b),
('i11012uavop33ak0267p7enu3cvuqnbc', '::1', 1548679249, 0x5f5f63695f6c6173745f726567656e65726174657c693a313534383637393234393b),
('hg8nviobk04h31m6rolccotfojmbv73q', '::1', 1548679697, 0x5f5f63695f6c6173745f726567656e65726174657c693a313534383637393639373b),
('1gf1116utrqm0v9j66k34pg7ji5b529q', '::1', 1548680018, 0x5f5f63695f6c6173745f726567656e65726174657c693a313534383638303031383b),
('gc7vn7eno4p2nqc28r8rk9k1li4s477e', '::1', 1548680450, 0x5f5f63695f6c6173745f726567656e65726174657c693a313534383638303435303b),
('7fgtk4m1drt1jkr7rj98ffpudruq2572', '::1', 1548680775, 0x5f5f63695f6c6173745f726567656e65726174657c693a313534383638303737353b),
('9rehs0llvh1kulm7kf9hef26qa9b5n7t', '::1', 1548680873, 0x5f5f63695f6c6173745f726567656e65726174657c693a313534383638303737353b),
('bhp7v6rhgel24ebo8nrfdkf8378qdovv', '::1', 1548822557, 0x5f5f63695f6c6173745f726567656e65726174657c693a313534383832323535373b),
('3ajqvpj1fh4v1jh3im3oid55addijl9n', '::1', 1548823544, 0x5f5f63695f6c6173745f726567656e65726174657c693a313534383832333534343b),
('ca8qmte9dg3u50cbo152frfoagtlrs6v', '::1', 1548826743, 0x5f5f63695f6c6173745f726567656e65726174657c693a313534383832363734333b),
('org9b768ufmutts5bm26i2njvr46vl3e', '::1', 1548827339, 0x5f5f63695f6c6173745f726567656e65726174657c693a313534383832373333393b),
('tq3qbkmbj8mai50pe5oh6acl0k3n3u8g', '::1', 1548830692, 0x5f5f63695f6c6173745f726567656e65726174657c693a313534383833303639323b),
('5369mc1kjt4kn11qk1fgc8n6trsl7p4j', '::1', 1548831306, 0x5f5f63695f6c6173745f726567656e65726174657c693a313534383833313330363b),
('8ib2pkk68bo3l16ola3uf01b5bl4lgt5', '::1', 1548831336, 0x5f5f63695f6c6173745f726567656e65726174657c693a313534383833313330363b),
('ktktp6tuiuq3lop6mt20lmvn8jdld0e3', '::1', 1548840025, 0x5f5f63695f6c6173745f726567656e65726174657c693a313534383834303032353b),
('6ekgqcmhl7deuo9gdpemocqicalq2arn', '::1', 1548842788, 0x5f5f63695f6c6173745f726567656e65726174657c693a313534383834323738383b),
('k78uvu2nk03s7gbldpb7nl9qsbkk4iei', '::1', 1548844590, 0x5f5f63695f6c6173745f726567656e65726174657c693a313534383834343539303b),
('tr4rv12p6u5otla17su2od805q3rqnmv', '::1', 1548845700, 0x5f5f63695f6c6173745f726567656e65726174657c693a313534383834353730303b),
('k7tu55mmusrnl3hjg5s5394mtfhvjlbh', '::1', 1548846059, 0x5f5f63695f6c6173745f726567656e65726174657c693a313534383834363035393b),
('tuulh14o890gvoricjrqead94p44qtmk', '::1', 1548847202, 0x5f5f63695f6c6173745f726567656e65726174657c693a313534383834373230323b),
('e6gg2qqrrpejva53vvrndrn0a5bnu7ep', '::1', 1548847828, 0x5f5f63695f6c6173745f726567656e65726174657c693a313534383834373832383b),
('a5m37d6di271vme38d5u3fuo5dv0sm07', '::1', 1548848415, 0x5f5f63695f6c6173745f726567656e65726174657c693a313534383834383431353b),
('tu72lc3pi3av7597nunlf3l54m83i7vb', '::1', 1548849401, 0x5f5f63695f6c6173745f726567656e65726174657c693a313534383834393430313b),
('nmgbidj5ct6f7gmodndcljfr662rhqie', '::1', 1548850784, 0x5f5f63695f6c6173745f726567656e65726174657c693a313534383835303738343b),
('onkn222kippehsae8h0vo0j72cg65uom', '::1', 1548851011, 0x5f5f63695f6c6173745f726567656e65726174657c693a313534383835303738343b),
('kv76tcohh60kllhfk4ul0rff0nb42sb0', '::1', 1548907922, 0x5f5f63695f6c6173745f726567656e65726174657c693a313534383930373932323b),
('eu671dinjqh2o3e0q189an3isol2kjkv', '::1', 1548908284, 0x5f5f63695f6c6173745f726567656e65726174657c693a313534383930383238343b),
('72pmp0jjkl6u18qobu8vcc4a0prumnf5', '::1', 1548912673, 0x5f5f63695f6c6173745f726567656e65726174657c693a313534383931323637333b),
('n6h11gkaj3ehthc3divq95k8p9ni2sdp', '::1', 1548915424, 0x5f5f63695f6c6173745f726567656e65726174657c693a313534383931353432343b),
('6ph08qrk7dhi6eu4metsfhoe2aouaqu2', '::1', 1548915752, 0x5f5f63695f6c6173745f726567656e65726174657c693a313534383931353735323b),
('a9pra9b5t6uvdos7bc4prm49piut4og8', '::1', 1548917680, 0x5f5f63695f6c6173745f726567656e65726174657c693a313534383931373638303b),
('18vb9f8ha3imuck2p266nu22c422umk5', '::1', 1548918114, 0x5f5f63695f6c6173745f726567656e65726174657c693a313534383931383131343b),
('gkfrhd6ustoed1nuqdpm4nlq690sknkk', '::1', 1548919684, 0x5f5f63695f6c6173745f726567656e65726174657c693a313534383931393638343b),
('gsalrf6mdbbmpaaklor2221tb3gn5fqt', '::1', 1548923990, 0x5f5f63695f6c6173745f726567656e65726174657c693a313534383932333939303b),
('epkhral60kdgn5bo7o77pv0cltl30md2', '::1', 1548924308, 0x5f5f63695f6c6173745f726567656e65726174657c693a313534383932343330383b),
('qetojhjlupgcoc3uvqp9rojvn2i3sntk', '::1', 1548924948, 0x5f5f63695f6c6173745f726567656e65726174657c693a313534383932343934383b),
('qgbi5fht56gccc09s5f6hesbncrqdt2e', '::1', 1548926969, 0x5f5f63695f6c6173745f726567656e65726174657c693a313534383932363936393b),
('a7r9994jv7phm7bk9g2ara12gapf3b7d', '::1', 1548927320, 0x5f5f63695f6c6173745f726567656e65726174657c693a313534383932373332303b),
('gj894girlg4337jub9j9edjg19ev71ch', '::1', 1548927791, 0x5f5f63695f6c6173745f726567656e65726174657c693a313534383932373739313b),
('8uc0sjv4ko46h8g5o34t2qkmi2d6jgfj', '::1', 1548928662, 0x5f5f63695f6c6173745f726567656e65726174657c693a313534383932383636323b),
('1ipm2r1983bh1l6s5aahcelgu67b69p5', '::1', 1548929400, 0x5f5f63695f6c6173745f726567656e65726174657c693a313534383932393430303b),
('1mv3fojolnf3ev2vs08lcales7bo70tt', '::1', 1548934146, 0x5f5f63695f6c6173745f726567656e65726174657c693a313534383933343134363b),
('eebs5tqfhkqi06cclkg1np0ahl951l0c', '::1', 1548935274, 0x5f5f63695f6c6173745f726567656e65726174657c693a313534383933353237343b),
('vhd797v5038shdknl6fcj6nlssmvqtvt', '::1', 1548935578, 0x5f5f63695f6c6173745f726567656e65726174657c693a313534383933353537383b),
('fahth9pm2p3avh6t7kh05dctiagc7hbn', '::1', 1548938834, 0x5f5f63695f6c6173745f726567656e65726174657c693a313534383933383833343b),
('82lf6cd82rjt2mg5njnpmlp80tmn6fhm', '::1', 1548938881, 0x5f5f63695f6c6173745f726567656e65726174657c693a313534383933383833343b),
('546ftsf59ire4qhh5d1f9vnq2877rrmo', '::1', 1549088855, 0x5f5f63695f6c6173745f726567656e65726174657c693a313534393038383835353b),
('okmkd8g930igavea8n9cjmmkffqvaucr', '::1', 1549090483, 0x5f5f63695f6c6173745f726567656e65726174657c693a313534393039303438333b),
('p38qa2q6oo7jcqsr8fuqq23oachs18sk', '::1', 1549090801, 0x5f5f63695f6c6173745f726567656e65726174657c693a313534393039303830313b),
('nbtvipk4ei77u4m9pbnvpcbu91e9ot63', '::1', 1549091479, 0x5f5f63695f6c6173745f726567656e65726174657c693a313534393039313437393b),
('m2fq7421ffhh8a0mlgd6ltutk06qnurh', '::1', 1549091825, 0x5f5f63695f6c6173745f726567656e65726174657c693a313534393039313832353b),
('f0lmlkvp2pvj73k51gd9289or47j27mf', '::1', 1549092209, 0x5f5f63695f6c6173745f726567656e65726174657c693a313534393039323230393b),
('g81f2lvnule8j39i019s95tbgnsip6as', '::1', 1549092548, 0x5f5f63695f6c6173745f726567656e65726174657c693a313534393039323534383b),
('oqa7ucesnm4bumc6nh1nrn72ifdg7r4l', '::1', 1549096101, 0x5f5f63695f6c6173745f726567656e65726174657c693a313534393039363130313b),
('gc04t1slpc4e86k56mfs327iq1lr5nn9', '::1', 1549097468, 0x5f5f63695f6c6173745f726567656e65726174657c693a313534393039373436383b),
('prjnhpaqrrb328a6doj5vhpejg5jcbk2', '::1', 1549098310, 0x5f5f63695f6c6173745f726567656e65726174657c693a313534393039383331303b),
('npc9bbn2m99v8m0r0htosk3q9u8avcr2', '::1', 1549098795, 0x5f5f63695f6c6173745f726567656e65726174657c693a313534393039383739353b),
('v7dkeglj8jfk6au5ka7t9qdptckhm0ku', '::1', 1549099297, 0x5f5f63695f6c6173745f726567656e65726174657c693a313534393039393239373b),
('vmqlhchhmggu94q0ifpqpngtuu3ptlnb', '::1', 1549099837, 0x5f5f63695f6c6173745f726567656e65726174657c693a313534393039393833373b),
('r4t9dmdsev969uqc5m0c4sppeuo13g85', '::1', 1549103918, 0x5f5f63695f6c6173745f726567656e65726174657c693a313534393130333931383b),
('b1pdo9t4gkoppqf4g1hqjhnvse4csdfg', '::1', 1549104473, 0x5f5f63695f6c6173745f726567656e65726174657c693a313534393130343437333b),
('g245ijles64fbtum48u3n6305jhqfsdq', '::1', 1549105023, 0x5f5f63695f6c6173745f726567656e65726174657c693a313534393130353032333b),
('h2qbbpul13ci39po2vpcd4ei8fvoqu7m', '::1', 1549105324, 0x5f5f63695f6c6173745f726567656e65726174657c693a313534393130353332343b),
('ij9q50gq2sue80u3bgp4c6qhtu3nm1hp', '::1', 1549105642, 0x5f5f63695f6c6173745f726567656e65726174657c693a313534393130353634323b),
('44rnh9i7cmad41nlno3guhu1e7qcor2c', '::1', 1549109360, 0x5f5f63695f6c6173745f726567656e65726174657c693a313534393130393336303b),
('0lp601ha9mj86fcc4dlf1qtvlgj77t74', '::1', 1549109410, 0x5f5f63695f6c6173745f726567656e65726174657c693a313534393130393336303b),
('0gf51rqobgt8t01ckmhkfnm89oj58u4t', '::1', 1549177271, 0x5f5f63695f6c6173745f726567656e65726174657c693a313534393137373237313b),
('35muuqmedfodpqk7rohg26p7ajc2hlnl', '::1', 1549180214, 0x5f5f63695f6c6173745f726567656e65726174657c693a313534393138303231343b),
('s12frcksl5iitiiv9eegv079dd7n0a7j', '::1', 1549181187, 0x5f5f63695f6c6173745f726567656e65726174657c693a313534393138313138373b),
('vlv6ac6aeggt16dg5hvmg6e5gj9alc70', '::1', 1549181187, 0x5f5f63695f6c6173745f726567656e65726174657c693a313534393138313138373b),
('k9stib99asljk8h3ao5hu0j8s2cd1kbg', '::1', 1549191686, 0x5f5f63695f6c6173745f726567656e65726174657c693a313534393139313638363b),
('fu6hrar93ep5fefqghspmvjfo6vp9v5t', '::1', 1549192014, 0x5f5f63695f6c6173745f726567656e65726174657c693a313534393139323031343b),
('s5em9u6uv7d8uq26iodl59ref2b9q632', '::1', 1549193431, 0x5f5f63695f6c6173745f726567656e65726174657c693a313534393139333433313b),
('te76t2u8d5c9cdeanin6407leiutujm9', '::1', 1549194666, 0x5f5f63695f6c6173745f726567656e65726174657c693a313534393139343636363b),
('qj7vqlp9lqf52b90h2u0ul5n3lfirkmc', '::1', 1549196273, 0x5f5f63695f6c6173745f726567656e65726174657c693a313534393139363237333b),
('q6as6lmd0e7vpt9f46k0lt47dekddf1j', '::1', 1549196281, 0x5f5f63695f6c6173745f726567656e65726174657c693a313534393139363237333b),
('24nma1gjv6cbrdjthstk51njmjmljdmv', '::1', 1549257493, 0x5f5f63695f6c6173745f726567656e65726174657c693a313534393235373439333b),
('il3gftd2fkg4d407pr4vfm7dk7slngjl', '::1', 1549258937, 0x5f5f63695f6c6173745f726567656e65726174657c693a313534393235383933373b),
('6ckf3gieb3e8f5d9qcavbijbk2teu114', '::1', 1549259361, 0x5f5f63695f6c6173745f726567656e65726174657c693a313534393235393336313b),
('i3p4a2vksvd471oukm2cprhsof8kihom', '::1', 1549259708, 0x5f5f63695f6c6173745f726567656e65726174657c693a313534393235393730383b),
('hog53l7535hn5s9gkb8hv2g3vgmmoj6n', '::1', 1549260667, 0x5f5f63695f6c6173745f726567656e65726174657c693a313534393236303636373b),
('u308i70bstp3brt6brihkdejinofk870', '::1', 1549260711, 0x5f5f63695f6c6173745f726567656e65726174657c693a313534393236303636373b),
('m24ih15o0b2vsi7hbtbvi1fv59r69i1v', '::1', 1549270169, 0x5f5f63695f6c6173745f726567656e65726174657c693a313534393237303136393b),
('fgti1640g0tv8pkcqded1jq7busns1ss', '::1', 1549271052, 0x5f5f63695f6c6173745f726567656e65726174657c693a313534393237313035323b),
('9cu7kqqfh11r41mvchjgvfqgvdh5mv59', '::1', 1549271353, 0x5f5f63695f6c6173745f726567656e65726174657c693a313534393237313335333b),
('1bqg9a2rfpb34qjqucmdq2pveu81td2m', '::1', 1549272792, 0x5f5f63695f6c6173745f726567656e65726174657c693a313534393237323739323b),
('hlmva7ocpmd6mqhsc84vrv2b9ne1fess', '::1', 1549273230, 0x5f5f63695f6c6173745f726567656e65726174657c693a313534393237333233303b),
('qsnusl8iaoc76oj0npuv8mnfojd4fs7t', '::1', 1549273706, 0x5f5f63695f6c6173745f726567656e65726174657c693a313534393237333730363b),
('9dp81jpvjdt8li1l1iv0c7fcje5cknok', '::1', 1549273829, 0x5f5f63695f6c6173745f726567656e65726174657c693a313534393237333730363b),
('h57bo4fa0vgdgvkbqthoger32l9cvjh6', '::1', 1549283243, 0x5f5f63695f6c6173745f726567656e65726174657c693a313534393238333030323b),
('43ro1al41tihiva93vo9uph87noreiid', '::1', 1549342895, 0x5f5f63695f6c6173745f726567656e65726174657c693a313534393334323839353b),
('5pevnlm51sar0sn6nk2flta09rdrmqrp', '::1', 1549343530, 0x5f5f63695f6c6173745f726567656e65726174657c693a313534393334333533303b),
('fcnekfl2jtou2hrikbf66m4pvnnghhd6', '::1', 1549344690, 0x5f5f63695f6c6173745f726567656e65726174657c693a313534393334343639303b),
('7v4nm23amb1vtgmqmc07u7j4pr0q4879', '::1', 1549347138, 0x5f5f63695f6c6173745f726567656e65726174657c693a313534393334373133383b),
('a326gm0ia13cbct95o7m3qdb73drkm9d', '::1', 1549347488, 0x5f5f63695f6c6173745f726567656e65726174657c693a313534393334373438383b),
('or686scdvb50j68jt8l4id6g62frl6m0', '::1', 1549354095, 0x5f5f63695f6c6173745f726567656e65726174657c693a313534393335343039353b),
('q5s38qn8gb8vspo60djcdm74t9lls8ro', '::1', 1549355316, 0x5f5f63695f6c6173745f726567656e65726174657c693a313534393335353331363b),
('6knghu6gf962u1nuag6ocvj3dhhoklnu', '::1', 1549361712, 0x5f5f63695f6c6173745f726567656e65726174657c693a313534393336313731323b),
('g6548nnvs66f4jdn64urnmqk2bgvhlp3', '::1', 1549362107, 0x5f5f63695f6c6173745f726567656e65726174657c693a313534393336323130373b),
('rv8ppmqm4qpoimurgs2tnhlu75ea1ih7', '::1', 1549362467, 0x5f5f63695f6c6173745f726567656e65726174657c693a313534393336323436373b),
('rrrlv76jamr6hd095hv9aj7j14md0628', '::1', 1549363876, 0x5f5f63695f6c6173745f726567656e65726174657c693a313534393336333837363b),
('t47hc78c35e43g1lcfaruti9g99d3n6h', '::1', 1549364217, 0x5f5f63695f6c6173745f726567656e65726174657c693a313534393336343231373b),
('5j2k5l2mmmd8nahk1g24hvkppurf173d', '::1', 1549367576, 0x5f5f63695f6c6173745f726567656e65726174657c693a313534393336373537363b),
('93afanuuiqb3b5oq3mvkighbeuq6ptea', '::1', 1549368090, 0x5f5f63695f6c6173745f726567656e65726174657c693a313534393336383039303b),
('egqj1khap42i632n93a0e64vlcl7mdvi', '::1', 1549368642, 0x5f5f63695f6c6173745f726567656e65726174657c693a313534393336383634323b),
('c90lie5jiucmbdrs4e4dl13c04mkqufu', '::1', 1549369155, 0x5f5f63695f6c6173745f726567656e65726174657c693a313534393336393135353b),
('f28k0d03tp1tqc0l4rcipe8ejnhq9m9c', '::1', 1549369691, 0x5f5f63695f6c6173745f726567656e65726174657c693a313534393336393639313b),
('5dpdrdp9bk08jsm4j689oo11narr7ksc', '::1', 1549370059, 0x5f5f63695f6c6173745f726567656e65726174657c693a313534393337303035393b),
('rptofv6l01038mdn0uoiumnguin29383', '::1', 1549370060, 0x5f5f63695f6c6173745f726567656e65726174657c693a313534393337303035393b),
('jm6iqe6s0qjqqebjkcvltcm09ogcg21q', '::1', 1549435688, 0x5f5f63695f6c6173745f726567656e65726174657c693a313534393433353638383b),
('h9klrsg6fia8m2solebm8t7g66oat1ds', '::1', 1549442448, 0x5f5f63695f6c6173745f726567656e65726174657c693a313534393434323434383b),
('jcrnqfrdkpd65cnqutg37i175hb6rd6r', '::1', 1549442768, 0x5f5f63695f6c6173745f726567656e65726174657c693a313534393434323736383b),
('icv51gqu3pkasmcetm15spp773cmq7vu', '::1', 1549443273, 0x5f5f63695f6c6173745f726567656e65726174657c693a313534393434333237333b),
('aek4mip27rujrrh1oatkpfk6rensr9uv', '::1', 1549443775, 0x5f5f63695f6c6173745f726567656e65726174657c693a313534393434333737353b),
('l5ujgsrrdvtk1nachicdro5v2tbdsl8d', '::1', 1549444774, 0x5f5f63695f6c6173745f726567656e65726174657c693a313534393434343737343b),
('fqm5ddupl4h16eug65n3jsr3gbheq435', '::1', 1549445086, 0x5f5f63695f6c6173745f726567656e65726174657c693a313534393434353038363b),
('l1qj431911b9k3sk74s57vs11n6got2m', '::1', 1549447426, 0x5f5f63695f6c6173745f726567656e65726174657c693a313534393434373432363b),
('07n4f0c9i9dpipc9o3e7nk0ano7q70ig', '::1', 1549448244, 0x5f5f63695f6c6173745f726567656e65726174657c693a313534393434383234343b),
('mkm6ih1gu09d2nhr1vnddpkb3v7esflv', '::1', 1549450062, 0x5f5f63695f6c6173745f726567656e65726174657c693a313534393435303036323b),
('ob4f4g7u10v1vnong2gncatd4p5edsat', '::1', 1549452134, 0x5f5f63695f6c6173745f726567656e65726174657c693a313534393435323133343b),
('i6uea5hum0kvijge3322qk773joiv7bd', '::1', 1549452504, 0x5f5f63695f6c6173745f726567656e65726174657c693a313534393435323530343b),
('33av45h522mle0ki49881f4irvfphojj', '::1', 1549453343, 0x5f5f63695f6c6173745f726567656e65726174657c693a313534393435333334333b),
('6ut0kdvg94b0fh19jgctc3ihp12tsjv4', '::1', 1549453566, 0x5f5f63695f6c6173745f726567656e65726174657c693a313534393435333334333b),
('0le8vbg24a3qb8s0p326q17tfb1v3f34', '::1', 1549522566, 0x5f5f63695f6c6173745f726567656e65726174657c693a313534393532323536363b),
('pcqashh0951jmr88r7k3d8e7lfqblrbg', '::1', 1549522624, 0x5f5f63695f6c6173745f726567656e65726174657c693a313534393532323536363b),
('kf4gfskf0lpt8shh1hrpvrq407te0a91', '::1', 1549536308, 0x5f5f63695f6c6173745f726567656e65726174657c693a313534393533363330383b),
('1na685hhe7l2vu9eciqi6uq8ttj7o2qv', '::1', 1549536852, 0x5f5f63695f6c6173745f726567656e65726174657c693a313534393533363835323b),
('ke01mke7g8gt3ndii8pp2euhgpe4tc48', '::1', 1549537634, 0x5f5f63695f6c6173745f726567656e65726174657c693a313534393533373633343b),
('igusq9psnpr2g5mplr9jvj39835g4r5a', '::1', 1549537841, 0x5f5f63695f6c6173745f726567656e65726174657c693a313534393533373633343b);

-- --------------------------------------------------------

--
-- Table structure for table `tbl_data_collection_for_consultancy_services_contracts`
--

CREATE TABLE `tbl_data_collection_for_consultancy_services_contracts` (
  `id` bigint(20) UNSIGNED NOT NULL,
  `activity_id` bigint(20) UNSIGNED NOT NULL,
  `contract_package_number` varchar(100) NOT NULL,
  `contract_description` text NOT NULL,
  `unit` int(11) NOT NULL,
  `qty` int(11) NOT NULL,
  `estimated_price` double(60,2) NOT NULL,
  `procedure_method` text NOT NULL,
  `procurement_guideline` text NOT NULL,
  `prior_review` tinyint(1) NOT NULL,
  `date_of_proposal_submission_planned_date` date NOT NULL,
  `date_of_proposal_submission_actual_date` date NOT NULL,
  `date_of_contract_signing_planned_date` date NOT NULL,
  `date_of_contract_signing_actual_date` date NOT NULL,
  `date_of_completion_planned_date` date NOT NULL,
  `date_of_completion_actual_date` date NOT NULL,
  `name_of_consultant_firm` char(100) NOT NULL,
  `created_at` timestamp NOT NULL DEFAULT CURRENT_TIMESTAMP,
  `updated_at` timestamp NULL DEFAULT NULL ON UPDATE CURRENT_TIMESTAMP
) ENGINE=InnoDB DEFAULT CHARSET=utf8;

-- --------------------------------------------------------

--
-- Table structure for table `tbl_data_collection_for_goods_contracts`
--

CREATE TABLE `tbl_data_collection_for_goods_contracts` (
  `id` bigint(20) UNSIGNED NOT NULL,
  `activity_id` bigint(20) UNSIGNED NOT NULL,
  `contract_package_number` varchar(100) NOT NULL,
  `contract_description` text NOT NULL,
  `unit` int(11) NOT NULL,
  `qty/nos` int(11) NOT NULL,
  `estimated_price` decimal(60,2) NOT NULL,
  `procedure_method` text NOT NULL,
  `procurement_guideline` text NOT NULL,
  `prior_review` tinyint(1) NOT NULL,
  `date_of_bid_opening_planned_date` date NOT NULL,
  `date_of_bid_opening_actual_date` date NOT NULL,
  `date_of_contract_signing_planned_date` date NOT NULL,
  `date_of_contract_signing_actual_date` date NOT NULL,
  `date_of_delivery_planned_date` date NOT NULL,
  `date_of_delivery_actual_date` date NOT NULL,
  `name_of_supplier` tinytext NOT NULL,
  `remarks` tinytext NOT NULL,
  `created_at` timestamp NOT NULL DEFAULT CURRENT_TIMESTAMP,
  `updated_at` timestamp NULL DEFAULT NULL ON UPDATE CURRENT_TIMESTAMP
) ENGINE=InnoDB DEFAULT CHARSET=utf8;

-- --------------------------------------------------------

--
-- Table structure for table `tbl_data_collection_for_works_contracts`
--

CREATE TABLE `tbl_data_collection_for_works_contracts` (
  `id` bigint(20) UNSIGNED NOT NULL,
  `activity_id` bigint(20) UNSIGNED NOT NULL,
  `contract_package_number` varchar(100) NOT NULL,
  `contract_description` text NOT NULL,
  `unit` int(11) NOT NULL,
  `qty` int(11) NOT NULL,
  `estimated_price` decimal(60,2) NOT NULL,
  `procedure_method` text NOT NULL,
  `ppa_bg` text NOT NULL,
  `prior_review_2` tinyint(1) NOT NULL,
  `study_report_submission_planned_date` date NOT NULL,
  `study_report_submission_actual_date` date NOT NULL,
  `social_resettlement_study_report_submission_planned_date` date NOT NULL,
  `social_resettlement_study_report_submission_actual_date` date NOT NULL,
  `date_of_bid_opening_planned_date` date NOT NULL,
  `date_of_bid_opening_actual_date` date NOT NULL,
  `date_of_contract_signing_planned_date` date NOT NULL,
  `date_of_contract_signing_actual_date` date NOT NULL,
  `date_of_completion_planned_date` date NOT NULL,
  `date_of_completion_actual_date` date NOT NULL,
  `name_of_contractor` int(11) NOT NULL,
  `remarks` int(11) NOT NULL,
  `created_at` timestamp NOT NULL DEFAULT CURRENT_TIMESTAMP,
  `updated_at` timestamp NULL DEFAULT NULL ON UPDATE CURRENT_TIMESTAMP
) ENGINE=InnoDB DEFAULT CHARSET=utf8;

-- --------------------------------------------------------

--
-- Table structure for table `tbl_imed_basic_info`
--

CREATE TABLE `tbl_imed_basic_info` (
  `id` bigint(20) UNSIGNED NOT NULL,
  `project_title` text NOT NULL,
  `ministry` bigint(20) UNSIGNED NOT NULL,
  `division` bigint(20) UNSIGNED NOT NULL,
  `agency` bigint(20) UNSIGNED NOT NULL,
  `created_at` datetime DEFAULT CURRENT_TIMESTAMP,
  `updated_at` datetime DEFAULT NULL ON UPDATE CURRENT_TIMESTAMP
) ENGINE=InnoDB DEFAULT CHARSET=utf8;

--
-- Dumping data for table `tbl_imed_basic_info`
--

INSERT INTO `tbl_imed_basic_info` (`id`, `project_title`, `ministry`, `division`, `agency`, `created_at`, `updated_at`) VALUES
(1, 'The Project Title', 1, 3, 5, '2019-01-21 18:16:28', NULL),
(2, 'The Project Title 2', 1, 3, 5, '2019-01-22 11:29:47', NULL),
(3, 'The project title 3', 1, 3, 7, '2019-01-24 15:18:46', NULL);

-- --------------------------------------------------------

--
-- Table structure for table `tbl_imed_contract_implementation`
--

CREATE TABLE `tbl_imed_contract_implementation` (
  `id` bigint(20) UNSIGNED NOT NULL,
  `imed_bi_id` bigint(20) UNSIGNED NOT NULL,
  `desc_of_contracts` text NOT NULL,
  `contract_value` decimal(60,2) NOT NULL,
  `date_of_work_order` date NOT NULL,
  `completion_date_as_per_contract` date NOT NULL,
  `amount_paid` decimal(60,2) NOT NULL,
  `physical` int(3) NOT NULL,
  `created_at` datetime NOT NULL DEFAULT CURRENT_TIMESTAMP,
  `updated_at` datetime DEFAULT NULL ON UPDATE CURRENT_TIMESTAMP
) ENGINE=InnoDB DEFAULT CHARSET=utf8;

--
-- Dumping data for table `tbl_imed_contract_implementation`
--

INSERT INTO `tbl_imed_contract_implementation` (`id`, `imed_bi_id`, `desc_of_contracts`, `contract_value`, `date_of_work_order`, `completion_date_as_per_contract`, `amount_paid`, `physical`, `created_at`, `updated_at`) VALUES
(1, 1, 'Description of problem', '0.00', '2019-01-01', '2019-02-02', '100000.00', 100000, '2019-01-21 19:16:54', NULL),
(2, 2, 'Description of problem', '0.00', '2019-01-01', '2019-02-02', '100000.00', 100000, '2019-01-22 12:41:10', NULL),
(3, 3, 'Description of problem', '0.00', '2019-01-01', '2019-02-02', '100000.00', 100000, '2019-01-24 15:22:48', NULL);

-- --------------------------------------------------------

--
-- Table structure for table `tbl_imed_implementation_problems`
--

CREATE TABLE `tbl_imed_implementation_problems` (
  `id` bigint(20) UNSIGNED NOT NULL,
  `imed_bi_id` bigint(20) UNSIGNED NOT NULL,
  `problem_type_id` bigint(20) UNSIGNED DEFAULT NULL,
  `if_other` char(255) DEFAULT NULL,
  `desc_of_problem` text NOT NULL,
  `created_at` datetime NOT NULL DEFAULT CURRENT_TIMESTAMP,
  `updated_at` datetime DEFAULT NULL ON UPDATE CURRENT_TIMESTAMP
) ENGINE=InnoDB DEFAULT CHARSET=utf8;

--
-- Dumping data for table `tbl_imed_implementation_problems`
--

INSERT INTO `tbl_imed_implementation_problems` (`id`, `imed_bi_id`, `problem_type_id`, `if_other`, `desc_of_problem`, `created_at`, `updated_at`) VALUES
(1, 1, 2, NULL, 'Description of Problem', '2019-01-21 19:01:46', NULL),
(2, 2, 3, NULL, 'Description of Problem', '2019-01-22 11:44:17', NULL),
(3, 3, 5, NULL, 'Description of problem.........', '2019-01-24 15:20:43', NULL);

-- --------------------------------------------------------

--
-- Table structure for table `tbl_imed_implementation_problem_type`
--

CREATE TABLE `tbl_imed_implementation_problem_type` (
  `id` bigint(20) UNSIGNED NOT NULL,
  `problem_type` char(255) NOT NULL,
  `created_at` datetime NOT NULL DEFAULT CURRENT_TIMESTAMP,
  `updated_at` datetime DEFAULT NULL ON UPDATE CURRENT_TIMESTAMP
) ENGINE=InnoDB DEFAULT CHARSET=utf8;

--
-- Dumping data for table `tbl_imed_implementation_problem_type`
--

INSERT INTO `tbl_imed_implementation_problem_type` (`id`, `problem_type`, `created_at`, `updated_at`) VALUES
(1, 'Approval Process', '2019-01-21 18:22:02', NULL),
(2, 'Procurement', '2019-01-21 18:22:02', NULL),
(3, 'Management', '2019-01-21 18:22:26', NULL),
(4, 'Fund Allocation/Release', '2019-01-21 18:22:26', NULL),
(5, 'Manpower Recruitment', '2019-01-21 18:23:11', NULL),
(6, 'Others (specify)', '2019-01-21 18:23:11', NULL);

-- --------------------------------------------------------

--
-- Table structure for table `tbl_imed_project_declaration`
--

CREATE TABLE `tbl_imed_project_declaration` (
  `id` bigint(20) UNSIGNED NOT NULL,
  `imed_bi_id` bigint(20) UNSIGNED NOT NULL,
  `project_declaration` int(1) NOT NULL,
  `created_at` timestamp NOT NULL DEFAULT CURRENT_TIMESTAMP,
  `updated_at` timestamp NULL DEFAULT NULL ON UPDATE CURRENT_TIMESTAMP
) ENGINE=InnoDB DEFAULT CHARSET=utf8;

--
-- Dumping data for table `tbl_imed_project_declaration`
--

INSERT INTO `tbl_imed_project_declaration` (`id`, `imed_bi_id`, `project_declaration`, `created_at`, `updated_at`) VALUES
(1, 1, 1, '2019-01-21 13:01:46', NULL),
(2, 2, 1, '2019-01-22 05:44:17', NULL),
(3, 3, 2, '2019-01-24 09:20:43', NULL);

-- --------------------------------------------------------

--
-- Table structure for table `tbl_imed_quarterly_component_wise_progress`
--

CREATE TABLE `tbl_imed_quarterly_component_wise_progress` (
  `id` bigint(20) UNSIGNED NOT NULL,
  `imed_bi_id` bigint(20) UNSIGNED NOT NULL,
  `name_of_the_component` char(100) NOT NULL,
  `unit` int(10) NOT NULL,
  `cmltv_progress_upto_qtty` int(10) NOT NULL,
  `cmltv_progress_upto_prcntg` int(3) NOT NULL,
  `cmltv_progress_upto_finance` decimal(60,2) NOT NULL,
  `yearly_target_qtty` int(10) NOT NULL,
  `yearly_target_prcntg` int(3) NOT NULL,
  `yearly_target_finance` decimal(60,2) NOT NULL,
  `prgrs_in_crnt_qrtr_qtty` int(10) NOT NULL,
  `prgrs_in_crnt_qrtr_prcntg` int(3) NOT NULL,
  `prgrs_in_crnt_qrtr_financial` decimal(60,2) NOT NULL,
  `crnt_yrs_prgrs_qtty` int(10) NOT NULL,
  `crnt_yrs_prgrs_prcntg` int(3) NOT NULL,
  `crnt_yrs_prgrs_financial` decimal(60,2) NOT NULL,
  `remarks` char(100) NOT NULL,
  `created_at` datetime NOT NULL DEFAULT CURRENT_TIMESTAMP,
  `updated_at` datetime DEFAULT NULL ON UPDATE CURRENT_TIMESTAMP
) ENGINE=InnoDB DEFAULT CHARSET=utf8;

--
-- Dumping data for table `tbl_imed_quarterly_component_wise_progress`
--

INSERT INTO `tbl_imed_quarterly_component_wise_progress` (`id`, `imed_bi_id`, `name_of_the_component`, `unit`, `cmltv_progress_upto_qtty`, `cmltv_progress_upto_prcntg`, `cmltv_progress_upto_finance`, `yearly_target_qtty`, `yearly_target_prcntg`, `yearly_target_finance`, `prgrs_in_crnt_qrtr_qtty`, `prgrs_in_crnt_qrtr_prcntg`, `prgrs_in_crnt_qrtr_financial`, `crnt_yrs_prgrs_qtty`, `crnt_yrs_prgrs_prcntg`, `crnt_yrs_prgrs_financial`, `remarks`, `created_at`, `updated_at`) VALUES
(1, 1, 'Component Name', 12, 1, 12, '123.00', 2, 23, '234.00', 3, 34, '345.00', 4, 45, '456.00', 'Short Note', '2019-01-21 18:16:55', NULL),
(2, 2, 'Component Name', 12, 1, 12, '123.00', 2, 23, '234.00', 3, 34, '345.00', 4, 45, '456.00', 'Short Note', '2019-01-22 11:30:32', NULL),
(3, 3, 'Component Name', 12, 1, 12, '123.00', 2, 23, '234.00', 3, 34, '345.00', 4, 45, '456.00', 'Short Note', '2019-01-24 15:19:26', NULL);

-- --------------------------------------------------------

--
-- Table structure for table `tbl_imed_quarterly_financial_progress`
--

CREATE TABLE `tbl_imed_quarterly_financial_progress` (
  `id` bigint(20) UNSIGNED NOT NULL,
  `imed_bi_id` bigint(20) UNSIGNED NOT NULL,
  `release_for_the_quarter_revenue_gob` decimal(60,2) NOT NULL,
  `release_for_the_quarter_capital_gob` decimal(60,2) NOT NULL,
  `release_for_the_quarter_revenue_rpa` decimal(60,2) NOT NULL,
  `release_for_the_quarter_capital_rpa` decimal(60,2) NOT NULL,
  `exp_for_the_quarter_revenue_gob` decimal(60,2) NOT NULL,
  `exp_for_the_quarter_capital_gob` decimal(60,2) NOT NULL,
  `exp_for_the_quarter_revenue_rpa` decimal(60,2) NOT NULL,
  `exp_for_the_quarter_capital_rpa` decimal(60,2) NOT NULL,
  `exp_for_the_quarter_revenue_dpa` decimal(60,2) NOT NULL,
  `exp_for_the_quarter_capital_dpa` decimal(60,2) NOT NULL,
  `crnt_yrs_exp_revenue_gob` decimal(60,2) NOT NULL,
  `crnt_yrs_exp_capital_gob` decimal(60,2) NOT NULL,
  `crnt_yrs_exp_revenue_rpa` decimal(60,2) NOT NULL,
  `crnt_yrs_exp_capital_rpa` decimal(60,2) NOT NULL,
  `crnt_yrs_exp_revenue_dpa` decimal(60,2) NOT NULL,
  `crnt_yrs_exp_capital_dpa` decimal(60,2) NOT NULL,
  `cash_frgn_exchng_spent` decimal(60,2) NOT NULL,
  `cash` decimal(60,2) NOT NULL,
  `kind` decimal(60,2) NOT NULL,
  `cd_vat` decimal(60,2) NOT NULL,
  `rpa_spent` decimal(60,2) NOT NULL,
  `rpa_claimed_1` decimal(60,2) NOT NULL,
  `rpa_claimed_2` decimal(60,2) NOT NULL,
  `rpa_reimbursed_1` decimal(60,2) NOT NULL,
  `rpa_reimbursed_2` decimal(60,2) NOT NULL,
  `created_at` datetime NOT NULL DEFAULT CURRENT_TIMESTAMP,
  `updated_at` datetime DEFAULT NULL ON UPDATE CURRENT_TIMESTAMP
) ENGINE=InnoDB DEFAULT CHARSET=utf8;

--
-- Dumping data for table `tbl_imed_quarterly_financial_progress`
--

INSERT INTO `tbl_imed_quarterly_financial_progress` (`id`, `imed_bi_id`, `release_for_the_quarter_revenue_gob`, `release_for_the_quarter_capital_gob`, `release_for_the_quarter_revenue_rpa`, `release_for_the_quarter_capital_rpa`, `exp_for_the_quarter_revenue_gob`, `exp_for_the_quarter_capital_gob`, `exp_for_the_quarter_revenue_rpa`, `exp_for_the_quarter_capital_rpa`, `exp_for_the_quarter_revenue_dpa`, `exp_for_the_quarter_capital_dpa`, `crnt_yrs_exp_revenue_gob`, `crnt_yrs_exp_capital_gob`, `crnt_yrs_exp_revenue_rpa`, `crnt_yrs_exp_capital_rpa`, `crnt_yrs_exp_revenue_dpa`, `crnt_yrs_exp_capital_dpa`, `cash_frgn_exchng_spent`, `cash`, `kind`, `cd_vat`, `rpa_spent`, `rpa_claimed_1`, `rpa_claimed_2`, `rpa_reimbursed_1`, `rpa_reimbursed_2`, `created_at`, `updated_at`) VALUES
(1, 1, '23.00', '23.00', '12.00', '12.00', '11.00', '11.00', '22.00', '22.00', '33.00', '33.00', '44.00', '44.00', '55.00', '55.00', '66.00', '66.00', '1234.00', '45.00', '23.00', '1000.00', '34.00', '43.00', '33.00', '3.00', '444.00', '2019-01-21 18:16:28', NULL),
(2, 2, '23.00', '23.00', '12.00', '12.00', '11.00', '11.00', '22.00', '22.00', '33.00', '33.00', '44.00', '44.00', '55.00', '55.00', '66.00', '66.00', '1234.00', '45.00', '23.00', '1000.00', '34.00', '43.00', '33.00', '3.00', '444.00', '2019-01-22 11:29:47', NULL),
(3, 3, '23.00', '23.00', '12.00', '12.00', '11.00', '11.00', '22.00', '22.00', '33.00', '33.00', '44.00', '44.00', '55.00', '55.00', '66.00', '66.00', '1234.00', '45.00', '23.00', '1000.00', '34.00', '43.00', '33.00', '3.00', '444.00', '2019-01-24 15:18:46', NULL);

-- --------------------------------------------------------

--
-- Table structure for table `tbl_imed_reason_for_delaying`
--

CREATE TABLE `tbl_imed_reason_for_delaying` (
  `id` bigint(20) UNSIGNED NOT NULL,
  `imed_bi_id` bigint(20) UNSIGNED NOT NULL,
  `delaying_description` text NOT NULL,
  `created_at` timestamp NOT NULL DEFAULT CURRENT_TIMESTAMP,
  `updated_at` timestamp NULL DEFAULT NULL ON UPDATE CURRENT_TIMESTAMP
) ENGINE=InnoDB DEFAULT CHARSET=utf8;

--
-- Dumping data for table `tbl_imed_reason_for_delaying`
--

INSERT INTO `tbl_imed_reason_for_delaying` (`id`, `imed_bi_id`, `delaying_description`, `created_at`, `updated_at`) VALUES
(1, 1, 'Delaying reason', '2019-01-22 06:27:31', NULL),
(2, 2, 'Description', '2019-01-22 06:41:10', NULL),
(3, 3, 'Problems reasons for delay in contract implementation', '2019-01-24 09:22:48', NULL);

-- --------------------------------------------------------

--
-- Table structure for table `tbl_imed_suggested_measures`
--

CREATE TABLE `tbl_imed_suggested_measures` (
  `id` bigint(20) UNSIGNED NOT NULL,
  `imed_bi_id` bigint(255) UNSIGNED NOT NULL,
  `suggested_measures` text NOT NULL,
  `created_at` datetime NOT NULL DEFAULT CURRENT_TIMESTAMP,
  `updated_at` datetime DEFAULT NULL ON UPDATE CURRENT_TIMESTAMP
) ENGINE=InnoDB DEFAULT CHARSET=utf8;

--
-- Dumping data for table `tbl_imed_suggested_measures`
--

INSERT INTO `tbl_imed_suggested_measures` (`id`, `imed_bi_id`, `suggested_measures`, `created_at`, `updated_at`) VALUES
(1, 1, 'Suggested Measures', '2019-01-21 19:01:46', NULL),
(2, 2, 'Suggested Measure', '2019-01-22 11:44:17', NULL),
(3, 3, 'Suggested Measures.......', '2019-01-24 15:20:43', NULL);

-- --------------------------------------------------------

--
-- Table structure for table `tbl_intermediate_result_indicators_component`
--

CREATE TABLE `tbl_intermediate_result_indicators_component` (
  `id` bigint(20) UNSIGNED NOT NULL,
  `component_name` char(255) NOT NULL,
  `created_at` timestamp NOT NULL DEFAULT CURRENT_TIMESTAMP,
  `updated_at` timestamp NULL DEFAULT NULL ON UPDATE CURRENT_TIMESTAMP
) ENGINE=InnoDB DEFAULT CHARSET=utf8;

-- --------------------------------------------------------

--
-- Table structure for table `tbl_intermediate_result_indicators_name`
--

CREATE TABLE `tbl_intermediate_result_indicators_name` (
  `id` bigint(20) UNSIGNED NOT NULL,
  `indicator_name` char(255) NOT NULL,
  `baseline` char(255) NOT NULL,
  `frequency` char(255) NOT NULL,
  `data_source_methodology` char(255) NOT NULL,
  `responsibilities_for_data_collection` char(255) NOT NULL,
  `comments` char(255) NOT NULL,
  `created_at` timestamp NOT NULL DEFAULT CURRENT_TIMESTAMP,
  `updated_at` timestamp NULL DEFAULT NULL ON UPDATE CURRENT_TIMESTAMP
) ENGINE=InnoDB DEFAULT CHARSET=utf8;

-- --------------------------------------------------------

--
-- Table structure for table `tbl_key_agreed_actions_tracking_activities`
--

CREATE TABLE `tbl_key_agreed_actions_tracking_activities` (
  `id` bigint(20) UNSIGNED NOT NULL,
  `form_prefix` char(1) NOT NULL,
  `form_code` tinytext NOT NULL,
  `kaa_code` tinytext NOT NULL,
  `activity_description` text NOT NULL,
  `agency` bigint(20) UNSIGNED NOT NULL,
  `has_sub_activity` tinyint(1) UNSIGNED NOT NULL DEFAULT '0',
  `planned_due_date` date DEFAULT NULL,
  `actual_completion_date` date DEFAULT NULL,
  `compliance_status_pcmu` text NOT NULL,
  `evidence_provided_to_verfiy_compliance` text NOT NULL,
  `reasons_for_non_complinace_me_team` text,
  `verified_by_me_team` text,
  `expected_completion_date` date DEFAULT NULL,
  `created_at` timestamp NOT NULL DEFAULT CURRENT_TIMESTAMP,
  `updated_at` timestamp NULL DEFAULT NULL ON UPDATE CURRENT_TIMESTAMP
) ENGINE=InnoDB DEFAULT CHARSET=utf8;

-- --------------------------------------------------------

--
-- Table structure for table `tbl_key_agreed_actions_tracking_sub_activities`
--

CREATE TABLE `tbl_key_agreed_actions_tracking_sub_activities` (
  `id` bigint(20) UNSIGNED NOT NULL,
  `activity_id` bigint(20) UNSIGNED NOT NULL,
  `sub_activities` text NOT NULL,
  `planned_due_date` date NOT NULL,
  `actual_completion_date` date NOT NULL,
  `compliance_status_pcmu` text NOT NULL,
  `evidence_provided_to_verfiy_compliance` text NOT NULL,
  `reasons_for_non_complinace_me_team` text NOT NULL,
  `verified_by_me_team` text NOT NULL,
  `expected_completion_date` date NOT NULL,
  `created_at` timestamp NOT NULL DEFAULT CURRENT_TIMESTAMP,
  `updated_at` timestamp NULL DEFAULT NULL ON UPDATE CURRENT_TIMESTAMP
) ENGINE=InnoDB DEFAULT CHARSET=utf8;

-- --------------------------------------------------------

--
-- Table structure for table `tbl_list_of_division`
--

CREATE TABLE `tbl_list_of_division` (
  `id` bigint(20) UNSIGNED NOT NULL,
  `ministry_id` bigint(20) UNSIGNED NOT NULL,
  `division_name` char(100) NOT NULL,
  `created_at` datetime DEFAULT CURRENT_TIMESTAMP,
  `updated_at` datetime DEFAULT NULL ON UPDATE CURRENT_TIMESTAMP
) ENGINE=InnoDB DEFAULT CHARSET=utf8;

--
-- Dumping data for table `tbl_list_of_division`
--

INSERT INTO `tbl_list_of_division` (`id`, `ministry_id`, `division_name`, `created_at`, `updated_at`) VALUES
(1, 1, 'Planning Division', '2019-01-19 12:06:23', NULL),
(2, 1, 'Statistics and Informatics Division', '2019-01-19 12:06:23', NULL),
(3, 1, 'Implementation Monitoring & Evaluation Division', '2019-01-19 12:06:51', NULL);

-- --------------------------------------------------------

--
-- Table structure for table `tbl_list_of_implementing_agencies`
--

CREATE TABLE `tbl_list_of_implementing_agencies` (
  `id` bigint(20) UNSIGNED NOT NULL,
  `name` varchar(100) NOT NULL,
  `created_at` timestamp NOT NULL DEFAULT CURRENT_TIMESTAMP,
  `updated_at` timestamp NULL DEFAULT NULL ON UPDATE CURRENT_TIMESTAMP
) ENGINE=InnoDB DEFAULT CHARSET=utf8;

--
-- Dumping data for table `tbl_list_of_implementing_agencies`
--

INSERT INTO `tbl_list_of_implementing_agencies` (`id`, `name`, `created_at`, `updated_at`) VALUES
(1, 'Planning Commission Unit (PCMU) ', '2018-11-25 10:16:44', NULL),
(2, 'Dhaka North City Corporation (DNCC)', '2018-11-25 10:16:44', '2018-11-25 10:20:11'),
(3, 'Rajdhani Unnayan Kartripakkha (RAJUK)', '2018-11-25 10:18:13', NULL),
(4, 'Department of Disaster Management (DDM)', '2018-11-25 10:18:13', NULL),
(5, 'Dhaka South City Corporation (DSCC)', '2018-11-25 10:19:40', NULL),
(6, 'Sylhet City Corporation (SCC)', '2018-11-25 10:19:40', NULL),
(7, 'Fire Service and Civil Defense (FSCD)', '2018-11-25 10:20:00', NULL);

-- --------------------------------------------------------

--
-- Table structure for table `tbl_list_of_ministry`
--

CREATE TABLE `tbl_list_of_ministry` (
  `id` bigint(20) UNSIGNED NOT NULL,
  `name_of_ministry` char(100) NOT NULL,
  `created_at` datetime NOT NULL DEFAULT CURRENT_TIMESTAMP,
  `updated_at` datetime DEFAULT NULL ON UPDATE CURRENT_TIMESTAMP
) ENGINE=InnoDB DEFAULT CHARSET=utf8;

--
-- Dumping data for table `tbl_list_of_ministry`
--

INSERT INTO `tbl_list_of_ministry` (`id`, `name_of_ministry`, `created_at`, `updated_at`) VALUES
(1, 'Ministry of Planning', '2019-01-19 11:35:20', NULL),
(2, 'Ministry of Finance', '2019-01-19 11:35:20', NULL),
(3, 'Ministry of Public Administration', '2019-01-19 11:57:12', NULL),
(4, 'Ministry of Defence', '2019-01-19 11:57:12', NULL),
(5, 'Ministry of Power, Energy and Mineral Resources', '2019-01-19 11:57:37', NULL),
(6, 'Ministry of Women and Children Affairs', '2019-01-19 11:57:37', NULL),
(7, 'Ministry of Industries', '2019-01-19 11:57:57', NULL),
(8, 'Ministry of Commerce', '2019-01-19 11:57:57', NULL),
(9, 'Ministry of Agriculture', '2019-01-19 11:58:16', NULL),
(10, 'Ministry of Home Affairs', '2019-01-19 11:58:16', NULL),
(11, 'Ministry of Health and Family Welfare', '2019-01-19 11:58:37', NULL),
(12, 'Ministry of Local Government and Rural Development and Co-operative', '2019-01-19 11:58:37', NULL),
(13, 'Ministry of Science and Technology', '2019-01-19 11:59:02', NULL),
(14, 'Ministry of Housing and Public Works', '2019-01-19 11:59:02', NULL),
(15, 'Ministry of Liberation War Affairs', '2019-01-19 11:59:19', NULL),
(16, 'Ministry of Textiles and Jute', '2019-01-19 11:59:19', NULL),
(17, 'Ministry of Road Transport and Bridges', '2019-01-19 11:59:35', NULL),
(18, 'Ministry of Information', '2019-01-19 11:59:35', NULL),
(19, 'Ministry of Environment and Forest', '2019-01-19 11:59:55', NULL),
(20, 'Ministry of Education', '2019-01-19 11:59:55', NULL),
(21, 'Ministry of Law, Justice and Parliamentary Affairs', '2019-01-19 12:00:15', NULL),
(22, 'Ministry of Foreign Affairs', '2019-01-19 12:00:15', NULL),
(23, 'Ministry of Railways', '2019-01-19 12:00:37', NULL),
(24, 'Ministry of Posts, Telecommunications & Information Technology', '2019-01-19 12:00:37', NULL),
(25, 'Ministry of Land', '2019-01-19 12:00:54', NULL),
(26, 'Ministry of Food', '2019-01-19 12:00:54', NULL),
(27, 'Ministry of Social Welfare', '2019-01-19 12:01:16', NULL),
(28, 'Ministry of Chittagong Hill Tracts Affairs', '2019-01-19 12:01:16', NULL),
(29, 'Ministry of Water Resources', '2019-01-19 12:01:41', NULL),
(30, 'Ministry of Fisheries and Livestock', '2019-01-19 12:01:41', NULL),
(31, 'Ministry of Civil Aviation and Tourism', '2019-01-19 12:02:01', NULL),
(32, 'Ministry of Religious Affairs', '2019-01-19 12:02:01', NULL),
(33, 'Ministry of Expatriates\' Welfare and Overseas Employment', '2019-01-19 12:02:26', NULL),
(34, 'Ministry of Labour and Employment', '2019-01-19 12:02:26', NULL),
(35, 'Ministry of Youth and Sports', '2019-01-19 12:02:45', NULL),
(36, 'Ministry of Cultural Affairs', '2019-01-19 12:02:45', NULL),
(37, 'Ministry of Primary and Mass Education', '2019-01-19 12:03:05', NULL),
(38, 'Ministry of Shipping', '2019-01-19 12:03:05', NULL),
(39, 'Ministry of Disaster Management and Relief', '2019-01-19 12:03:18', NULL);

-- --------------------------------------------------------

--
-- Table structure for table `tbl_me_activities_sub_component`
--

CREATE TABLE `tbl_me_activities_sub_component` (
  `id` bigint(20) UNSIGNED NOT NULL,
  `component_id` bigint(20) UNSIGNED NOT NULL,
  `activities_name` text NOT NULL,
  `created_at` timestamp NOT NULL DEFAULT CURRENT_TIMESTAMP,
  `updated_at` timestamp NULL DEFAULT NULL ON UPDATE CURRENT_TIMESTAMP
) ENGINE=InnoDB DEFAULT CHARSET=utf8;

--
-- Dumping data for table `tbl_me_activities_sub_component`
--

INSERT INTO `tbl_me_activities_sub_component` (`id`, `component_id`, `activities_name`, `created_at`, `updated_at`) VALUES
(1, 1, 'Design, build and outfit national- level Disaster Risk Management (DRM) facilities for the Emergency Response and Communication Centre (ERCC) and the National Disaster Management Research and Training Institute (NDMRTI).', '2019-01-28 09:30:02', NULL),
(2, 1, 'Build, Renovate, and Outfit Local-Level City Corporation and FSCD DRM facilities in Dhaka and Sylhet', '2019-01-28 09:30:02', NULL),
(3, 1, 'Supply, Install and Integrate Specialized ICT Equipment for DRM and Emergency response', '2019-01-28 09:30:51', NULL),
(4, 1, 'Supply Specialized Search and Rescue Equipment to Local-Level Agencies Involved in DRM', '2019-01-28 09:30:51', NULL),
(5, 1, 'Enhance the emergency management and preparedness capacity of the national-level ERCC and NDMRTI and the local-level city corporations and FSCD in Dhaka and Sylhet through training, exercises and drills.', '2019-01-28 09:31:38', NULL),
(6, 2, 'Conduct a vulnerability assessment of critical and essential facilities and lifelines', '2019-01-28 09:31:38', NULL),
(7, 2, 'Support the development of a Risk Sensitive Land Use Planning (RSLUP) practice in Dhaka', '2019-01-28 09:32:28', NULL),
(8, 3, 'Create and operationalize the Urban Resilience Unit (URU) in Rajuk to Support DRR Mainstreaming and Improve Dhaka Urban Resilience.', '2019-01-28 09:32:28', NULL),
(9, 3, 'Establish an Electronic Construction Permitting System', '2019-01-28 09:33:02', NULL),
(10, 3, 'Set Up a Professional Accreditation Program for Engineers, Architects and Planners', '2019-01-28 09:33:02', NULL),
(11, 3, 'Improve Building Code Enforcement with Rajuk Jurisdiction', '2019-01-28 09:33:42', NULL),
(12, 4, 'Project Coordination, Monitoring and Evaluation', '2019-01-28 09:33:42', NULL);

-- --------------------------------------------------------

--
-- Table structure for table `tbl_me_iris`
--

CREATE TABLE `tbl_me_iris` (
  `id` bigint(20) UNSIGNED NOT NULL,
  `output_id` bigint(20) UNSIGNED NOT NULL,
  `iris` char(200) NOT NULL,
  `baseline` int(11) DEFAULT NULL,
  `created_at` timestamp NULL DEFAULT CURRENT_TIMESTAMP,
  `updated_at` timestamp NULL DEFAULT NULL ON UPDATE CURRENT_TIMESTAMP
) ENGINE=InnoDB DEFAULT CHARSET=utf8;

--
-- Dumping data for table `tbl_me_iris`
--

INSERT INTO `tbl_me_iris` (`id`, `output_id`, `iris`, `baseline`, `created_at`, `updated_at`) VALUES
(1, 1, 'DDM facilities renovated (ERCC, NDMRTI)', NULL, '2019-01-28 10:27:13', NULL),
(2, 2, 'FSCD facilities constructed and/or renovated', NULL, '2019-01-28 10:27:58', NULL),
(3, 2, 'DNCC/DSCC/SCC facilities constructed and/or renovated', NULL, '2019-01-28 10:27:58', NULL),
(4, 3, 'DDM/DNCC/DSCC/SCC/FSCD and Satellite Control Room facilities equipped with ECT suites and/or kits', NULL, '2019-01-28 10:29:33', NULL),
(5, 4, 'FSCD emergency management warehouses equipped with specialized search and rescue equipment', NULL, '2019-01-28 10:29:33', NULL),
(6, 5, 'Multi-agency training exercises and drills completed', NULL, '2019-01-28 10:31:00', NULL),
(7, 6, 'Identification of critical and essential facilities and lifelines for Dhaka', NULL, '2019-01-28 10:31:00', NULL),
(8, 7, 'Vulnerability of prioritized critical and essential facilities and lifelines assessed for Dhaka', NULL, '2019-01-28 10:56:58', NULL),
(9, 8, 'Indicator not available', NULL, '2019-01-28 10:56:58', NULL),
(10, 9, 'RAJUK Urban Resilience Unit facility constructed', NULL, '2019-01-28 10:57:54', NULL),
(11, 9, 'RAJUK Urban Resilience Unit facility equipped with laboratory and field testing equipment', NULL, '2019-01-28 10:57:54', NULL),
(12, 10, 'E-Permits for construction issued by RAJUK', NULL, '2019-01-28 10:59:46', NULL),
(13, 11, 'Professional Accreditation Program for Engineers, Architects and Planners established', NULL, '2019-01-28 10:59:46', NULL),
(14, 12, 'Indicator not available', NULL, '2019-01-28 11:00:30', NULL),
(15, 13, '# of Monitoring reports produced', NULL, '2019-01-28 11:00:30', NULL);

-- --------------------------------------------------------

--
-- Table structure for table `tbl_me_outputs`
--

CREATE TABLE `tbl_me_outputs` (
  `id` bigint(20) UNSIGNED NOT NULL,
  `activity_id` bigint(20) UNSIGNED NOT NULL,
  `output_name` text NOT NULL,
  `created_at` timestamp NULL DEFAULT CURRENT_TIMESTAMP,
  `updated_at` timestamp NULL DEFAULT NULL ON UPDATE CURRENT_TIMESTAMP
) ENGINE=InnoDB DEFAULT CHARSET=utf8;

--
-- Dumping data for table `tbl_me_outputs`
--

INSERT INTO `tbl_me_outputs` (`id`, `activity_id`, `output_name`, `created_at`, `updated_at`) VALUES
(1, 1, 'ERCC and NDMRTI Renovated with basic office equipment', '2019-01-28 09:37:34', NULL),
(2, 2, '## of warehouses and ## of EOC constructed for FSCD, SCC, DNCC & DSCC', '2019-01-28 09:37:34', NULL),
(3, 3, 'Full ECT Suites installed, tested and operationalized;', '2019-01-28 09:38:47', NULL),
(4, 4, 'Specialized search and rescue equipment supplied and operationalized within FSCD, DNCC and DSCC', '2019-01-28 09:38:47', NULL),
(5, 5, 'Improved emergency response capabilities, preparedness and readiness of govt. institutions and other key stakeholders involved in disaster and emergency management response', '2019-01-28 09:39:14', '2019-01-28 09:40:43'),
(6, 6, 'Database of Critical and Essential Facilities developed;', '2019-01-28 09:42:33', NULL),
(7, 6, 'Structural Vulnerability Assessment surveyed', '2019-01-28 09:42:33', NULL),
(8, 7, 'Internal Guidelines and Processes for RSLUP Developed', '2019-01-28 09:55:28', NULL),
(9, 8, 'URU is created within RAJUK', '2019-01-28 09:55:28', NULL),
(10, 9, 'An electronic permitting and monitoring system (e-permit) for construction application is designed, developed and implemented', '2019-01-28 09:56:49', NULL),
(11, 10, 'A Professional Accreditation Program for Engineers, Architects and Planners is developed based on international best practice', '2019-01-28 09:56:49', NULL),
(12, 11, 'RAJUK\'s capacity and administrative structure to implement and enforce the BNBC is increased.', '2019-01-28 09:57:41', NULL),
(13, 12, 'Monitoring reports produced', '2019-01-28 09:57:41', NULL);

-- --------------------------------------------------------

--
-- Table structure for table `tbl_me_urp_component_ia`
--

CREATE TABLE `tbl_me_urp_component_ia` (
  `id` bigint(20) UNSIGNED NOT NULL,
  `component_seq` char(100) NOT NULL,
  `component_description` char(255) NOT NULL,
  `created_at` timestamp NOT NULL DEFAULT CURRENT_TIMESTAMP,
  `updated_at` timestamp NULL DEFAULT NULL ON UPDATE CURRENT_TIMESTAMP
) ENGINE=InnoDB DEFAULT CHARSET=utf8;

--
-- Dumping data for table `tbl_me_urp_component_ia`
--

INSERT INTO `tbl_me_urp_component_ia` (`id`, `component_seq`, `component_description`, `created_at`, `updated_at`) VALUES
(1, 'A', 'Reinforce the countrys Emergency Management Response capacity', '2019-01-28 09:03:02', NULL),
(2, 'B', 'Vulnerability Assessment of Critical and Essential Facilities and Lifeline (Implemented by Rajuk)', '2019-01-28 09:03:02', NULL),
(3, 'C', 'Improved construction, urban planning and development', '2019-01-28 09:04:16', NULL),
(4, 'D', 'Project Coordination, Monitoring and Evaluation', '2019-01-28 09:04:16', NULL);

-- --------------------------------------------------------

--
-- Table structure for table `tbl_m_and_e_matrix`
--

CREATE TABLE `tbl_m_and_e_matrix` (
  `id` bigint(20) UNSIGNED NOT NULL,
  `tracking_id` bigint(20) UNSIGNED NOT NULL,
  `component_id` bigint(20) UNSIGNED NOT NULL,
  `activity_id` bigint(20) UNSIGNED NOT NULL,
  `output_id` bigint(20) UNSIGNED NOT NULL,
  `iris_id` bigint(20) UNSIGNED NOT NULL,
  `year` year(4) NOT NULL,
  `q1_physical_progress_target` decimal(60,2) NOT NULL DEFAULT '0.00',
  `q1_physical_progress_actual` decimal(60,2) NOT NULL DEFAULT '0.00',
  `q2_physical_progress_target` decimal(60,2) NOT NULL DEFAULT '0.00',
  `q2_physical_progress_actual` decimal(60,2) NOT NULL DEFAULT '0.00',
  `q3_physical_progress_target` decimal(60,2) NOT NULL DEFAULT '0.00',
  `q3_physical_progress_actual` decimal(60,2) NOT NULL DEFAULT '0.00',
  `q4_physical_progress_target` decimal(60,2) NOT NULL DEFAULT '0.00',
  `q4_physical_progress_actual` decimal(60,2) NOT NULL DEFAULT '0.00',
  `completion_date_planned` date NOT NULL,
  `completion_date_actual` date NOT NULL,
  `completion_date_time_overdue` int(11) NOT NULL,
  `fn_progress_q1_planned` decimal(60,2) NOT NULL DEFAULT '0.00',
  `fn_progress_q1_actual` decimal(60,2) NOT NULL DEFAULT '0.00',
  `fn_progress_q2_planned` decimal(60,2) NOT NULL DEFAULT '0.00',
  `fn_progress_q2_actual` decimal(60,2) NOT NULL DEFAULT '0.00',
  `fn_progress_q3_planned` decimal(60,2) NOT NULL DEFAULT '0.00',
  `fn_progress_q3_actual` decimal(60,2) NOT NULL DEFAULT '0.00',
  `fn_progress_q4_planned` decimal(60,2) NOT NULL DEFAULT '0.00',
  `fn_progress_q4_actual` decimal(60,2) NOT NULL DEFAULT '0.00',
  `created_at` timestamp NOT NULL DEFAULT CURRENT_TIMESTAMP,
  `updated_at` timestamp NULL DEFAULT NULL ON UPDATE CURRENT_TIMESTAMP
) ENGINE=InnoDB DEFAULT CHARSET=utf8;

--
-- Dumping data for table `tbl_m_and_e_matrix`
--

INSERT INTO `tbl_m_and_e_matrix` (`id`, `tracking_id`, `component_id`, `activity_id`, `output_id`, `iris_id`, `year`, `q1_physical_progress_target`, `q1_physical_progress_actual`, `q2_physical_progress_target`, `q2_physical_progress_actual`, `q3_physical_progress_target`, `q3_physical_progress_actual`, `q4_physical_progress_target`, `q4_physical_progress_actual`, `completion_date_planned`, `completion_date_actual`, `completion_date_time_overdue`, `fn_progress_q1_planned`, `fn_progress_q1_actual`, `fn_progress_q2_planned`, `fn_progress_q2_actual`, `fn_progress_q3_planned`, `fn_progress_q3_actual`, `fn_progress_q4_planned`, `fn_progress_q4_actual`, `created_at`, `updated_at`) VALUES
(1, 1, 1, 1, 1, 1, 2017, '12.00', '12.00', '34.00', '34.00', '56.00', '56.00', '78.00', '78.00', '2019-10-01', '2019-10-01', 2019, '90.00', '90.00', '89.00', '89.00', '78.00', '78.00', '56.00', '56.00', '2019-02-02 11:09:27', '2019-02-03 08:20:06'),
(2, 1, 1, 2, 2, 2, 2008, '12.00', '12.00', '34.00', '34.00', '56.00', '56.00', '78.00', '78.00', '2019-10-01', '2019-10-01', 2019, '90.00', '90.00', '89.00', '89.00', '78.00', '78.00', '56.00', '56.00', '2019-02-02 12:10:09', '2019-02-03 11:33:03'),
(3, 3, 2, 6, 6, 7, 2015, '3546.00', '896.00', '231.00', '768.00', '231.00', '897.00', '987.00', '123.00', '2019-10-01', '2019-10-01', 2019, '34.00', '12.00', '90.00', '45.00', '23.00', '45.00', '56.00', '12.00', '2019-02-05 11:55:57', '2019-02-05 11:55:57'),
(4, 4, 2, 6, 6, 7, 0000, '3546.00', '12.00', '322.00', '23.00', '4644.00', '344.00', '4345.00', '23.00', '2019-10-01', '2019-10-01', 23, '455.00', '12.00', '344.00', '23.00', '454.00', '23.00', '656.00', '45.00', '2019-02-05 12:34:19', '2019-02-05 12:34:19');

-- --------------------------------------------------------

--
-- Table structure for table `tbl_progress_of_procurements_goods_contracts`
--

CREATE TABLE `tbl_progress_of_procurements_goods_contracts` (
  `id` bigint(20) UNSIGNED NOT NULL,
  `contract_id` bigint(20) UNSIGNED NOT NULL,
  `progress_of_procurement` tinyint(3) UNSIGNED NOT NULL DEFAULT '0',
  `date` date NOT NULL,
  `created_at` timestamp NOT NULL DEFAULT CURRENT_TIMESTAMP,
  `updated_at` timestamp NULL DEFAULT NULL ON UPDATE CURRENT_TIMESTAMP
) ENGINE=InnoDB DEFAULT CHARSET=utf8;

-- --------------------------------------------------------

--
-- Table structure for table `tbl_progress_of_procurements_services_contracts`
--

CREATE TABLE `tbl_progress_of_procurements_services_contracts` (
  `id` bigint(20) UNSIGNED NOT NULL,
  `contract_id` bigint(20) UNSIGNED NOT NULL,
  `progress_of_procurement` tinyint(3) UNSIGNED NOT NULL DEFAULT '0',
  `date` date NOT NULL,
  `created_at` timestamp NOT NULL DEFAULT CURRENT_TIMESTAMP,
  `updated_at` timestamp NULL DEFAULT NULL ON UPDATE CURRENT_TIMESTAMP
) ENGINE=InnoDB DEFAULT CHARSET=utf8;

-- --------------------------------------------------------

--
-- Table structure for table `tbl_progress_of_procurements_works_contracts`
--

CREATE TABLE `tbl_progress_of_procurements_works_contracts` (
  `id` bigint(20) UNSIGNED NOT NULL,
  `contract_id` bigint(20) UNSIGNED NOT NULL,
  `progress_of_procurement` tinyint(3) UNSIGNED NOT NULL DEFAULT '0',
  `date` date NOT NULL,
  `created_at` timestamp NOT NULL DEFAULT CURRENT_TIMESTAMP,
  `updated_at` timestamp NULL DEFAULT NULL ON UPDATE CURRENT_TIMESTAMP
) ENGINE=InnoDB DEFAULT CHARSET=utf8;

-- --------------------------------------------------------

--
-- Table structure for table `tbl_project_development_objective_indicators_name`
--

CREATE TABLE `tbl_project_development_objective_indicators_name` (
  `id` bigint(20) UNSIGNED NOT NULL,
  `indicator_name` char(255) NOT NULL,
  `baseline` char(255) NOT NULL,
  `frequency` char(255) NOT NULL,
  `data_source_methodology` char(255) NOT NULL,
  `responsibilities_for_data_collection` char(255) NOT NULL,
  `created_at` timestamp NOT NULL DEFAULT CURRENT_TIMESTAMP,
  `updated_at` timestamp NULL DEFAULT NULL ON UPDATE CURRENT_TIMESTAMP
) ENGINE=InnoDB DEFAULT CHARSET=utf8;

--
-- Dumping data for table `tbl_project_development_objective_indicators_name`
--

INSERT INTO `tbl_project_development_objective_indicators_name` (`id`, `indicator_name`, `baseline`, `frequency`, `data_source_methodology`, `responsibilities_for_data_collection`, `created_at`, `updated_at`) VALUES
(1, 'Share of wards with decentralized emergency response services in Dhaka (DNCC/DSCC jurisdiction)<sup>1</sup>', '0', 'Annual', 'DNCC, DSCC, FSCD/Monitoring Reports', 'PCMU and M&E Consultants', '2019-01-05 09:14:58', NULL),
(2, 'share of wards with decentralized emergency response services in Sylhet (SCC jurisdiction)', '0', 'Annual', 'SCC, FSCD/Monitoring Reports', 'PCMU and M&E Consultants', '2019-02-06 08:15:50', NULL);

-- --------------------------------------------------------

--
-- Table structure for table `tbl_result_framework_intermediate_result_indicators`
--

CREATE TABLE `tbl_result_framework_intermediate_result_indicators` (
  `id` bigint(20) UNSIGNED NOT NULL,
  `year` year(4) NOT NULL,
  `ind_id` bigint(20) UNSIGNED NOT NULL,
  `measure_id` bigint(20) UNSIGNED NOT NULL,
  `q1_pad_target` char(255) NOT NULL,
  `q2_pad_target` char(255) NOT NULL,
  `q3_pad_target` char(255) NOT NULL,
  `q4_pad_target` char(255) NOT NULL,
  `q1_actual_achieved` char(255) NOT NULL,
  `q2_actual_achieved` char(255) NOT NULL,
  `q3_actual_achieved` char(255) NOT NULL,
  `q4_actual_achieved` char(255) NOT NULL,
  `component_id` bigint(20) UNSIGNED NOT NULL,
  `created_at` timestamp NOT NULL DEFAULT CURRENT_TIMESTAMP,
  `updated_at` timestamp NOT NULL DEFAULT '0000-00-00 00:00:00' ON UPDATE CURRENT_TIMESTAMP
) ENGINE=InnoDB DEFAULT CHARSET=utf8;

-- --------------------------------------------------------

--
-- Table structure for table `tbl_rslt_frmwrk_prjct_dvlpmnt_objctv_indctrs`
--

CREATE TABLE `tbl_rslt_frmwrk_prjct_dvlpmnt_objctv_indctrs` (
  `id` bigint(20) UNSIGNED NOT NULL,
  `ind_id` bigint(20) UNSIGNED NOT NULL,
  `measure_id` bigint(20) UNSIGNED NOT NULL,
  `year` year(4) DEFAULT NULL,
  `pad_target` char(255) NOT NULL,
  `actual_acheived` char(255) NOT NULL,
  `comments` tinytext NOT NULL,
  `created_at` timestamp NOT NULL DEFAULT CURRENT_TIMESTAMP,
  `updated_at` timestamp NULL DEFAULT NULL ON UPDATE CURRENT_TIMESTAMP
) ENGINE=InnoDB DEFAULT CHARSET=utf8;

--
-- Dumping data for table `tbl_rslt_frmwrk_prjct_dvlpmnt_objctv_indctrs`
--

INSERT INTO `tbl_rslt_frmwrk_prjct_dvlpmnt_objctv_indctrs` (`id`, `ind_id`, `measure_id`, `year`, `pad_target`, `actual_acheived`, `comments`, `created_at`, `updated_at`) VALUES
(1, 1, 3, 2018, '2342', '23', '', '2019-02-06 11:46:06', NULL),
(2, 1, 1, 2016, '13', '2', 'N/A', '2019-02-07 08:50:52', NULL),
(3, 1, 1, 2017, '345', '3', 'N/A', '2019-02-07 09:30:33', NULL),
(4, 1, 1, 2015, '78', '45', '', '2019-02-07 09:33:39', NULL);

-- --------------------------------------------------------

--
-- Table structure for table `tbl_svce_description_of_package`
--

CREATE TABLE `tbl_svce_description_of_package` (
  `id` bigint(20) UNSIGNED NOT NULL,
  `survey_id` bigint(20) UNSIGNED NOT NULL,
  `description_of_project` char(255) NOT NULL,
  `nos` tinyint(3) UNSIGNED NOT NULL,
  `created_at` timestamp NOT NULL DEFAULT CURRENT_TIMESTAMP,
  `updated_at` timestamp NULL DEFAULT NULL ON UPDATE CURRENT_TIMESTAMP
) ENGINE=InnoDB DEFAULT CHARSET=utf8;

-- --------------------------------------------------------

--
-- Table structure for table `tbl_svce_information_and_training_items`
--

CREATE TABLE `tbl_svce_information_and_training_items` (
  `id` bigint(20) UNSIGNED NOT NULL,
  `checklist_items` text NOT NULL,
  `created_at` timestamp NOT NULL DEFAULT CURRENT_TIMESTAMP,
  `updated_at` timestamp NULL DEFAULT NULL ON UPDATE CURRENT_TIMESTAMP
) ENGINE=InnoDB DEFAULT CHARSET=utf8;

-- --------------------------------------------------------

--
-- Table structure for table `tbl_svce_information_and_training_survey`
--

CREATE TABLE `tbl_svce_information_and_training_survey` (
  `id` bigint(20) UNSIGNED NOT NULL,
  `survey_id` bigint(20) UNSIGNED NOT NULL,
  `q_id` bigint(20) UNSIGNED NOT NULL,
  `ans` tinyint(1) NOT NULL,
  `findings` text NOT NULL,
  `created_at` timestamp NOT NULL DEFAULT CURRENT_TIMESTAMP,
  `updated_at` timestamp NULL DEFAULT NULL ON UPDATE CURRENT_TIMESTAMP
) ENGINE=InnoDB DEFAULT CHARSET=utf8;

-- --------------------------------------------------------

--
-- Table structure for table `tbl_svce_initial_information`
--

CREATE TABLE `tbl_svce_initial_information` (
  `id` bigint(20) UNSIGNED NOT NULL,
  `implementing_agency` bigint(20) UNSIGNED NOT NULL,
  `name_of_package` char(255) NOT NULL,
  `date_of_visit` date DEFAULT NULL,
  `package_number` int(11) NOT NULL,
  `start_date` date DEFAULT NULL,
  `delivery_date` date DEFAULT NULL,
  `financial_progress` tinyint(3) UNSIGNED DEFAULT NULL,
  `visual_physical_progress` tinyint(3) UNSIGNED DEFAULT NULL,
  `IA_person_met` char(255) NOT NULL,
  `M_E_staff_member` char(255) NOT NULL,
  `created_at` timestamp NOT NULL DEFAULT CURRENT_TIMESTAMP,
  `updated_at` timestamp NULL DEFAULT NULL ON UPDATE CURRENT_TIMESTAMP
) ENGINE=InnoDB DEFAULT CHARSET=utf8;

-- --------------------------------------------------------

--
-- Table structure for table `tbl_svce_maintenance_and_inspection_items`
--

CREATE TABLE `tbl_svce_maintenance_and_inspection_items` (
  `id` bigint(20) UNSIGNED NOT NULL,
  `checklist_items` text NOT NULL,
  `created_at` timestamp NOT NULL DEFAULT CURRENT_TIMESTAMP,
  `updated_at` timestamp NULL DEFAULT NULL ON UPDATE CURRENT_TIMESTAMP
) ENGINE=InnoDB DEFAULT CHARSET=utf8;

-- --------------------------------------------------------

--
-- Table structure for table `tbl_svce_maintenance_and_inspection_survey`
--

CREATE TABLE `tbl_svce_maintenance_and_inspection_survey` (
  `id` bigint(20) UNSIGNED NOT NULL,
  `survey_id` bigint(20) UNSIGNED NOT NULL,
  `q_id` bigint(20) UNSIGNED NOT NULL,
  `ans` tinyint(1) NOT NULL,
  `findings` text NOT NULL,
  `created_at` timestamp NOT NULL DEFAULT CURRENT_TIMESTAMP,
  `updated_at` timestamp NULL DEFAULT NULL ON UPDATE CURRENT_TIMESTAMP
) ENGINE=InnoDB DEFAULT CHARSET=utf8;

-- --------------------------------------------------------

--
-- Table structure for table `tbl_svce_safety_features_items`
--

CREATE TABLE `tbl_svce_safety_features_items` (
  `id` bigint(20) UNSIGNED NOT NULL,
  `checklist_items` text NOT NULL,
  `created_at` timestamp NOT NULL DEFAULT CURRENT_TIMESTAMP,
  `updated_at` timestamp NULL DEFAULT NULL ON UPDATE CURRENT_TIMESTAMP
) ENGINE=InnoDB DEFAULT CHARSET=utf8;

-- --------------------------------------------------------

--
-- Table structure for table `tbl_svce_safety_features_survey`
--

CREATE TABLE `tbl_svce_safety_features_survey` (
  `id` bigint(20) UNSIGNED NOT NULL,
  `survey_id` bigint(20) UNSIGNED NOT NULL,
  `q_id` bigint(20) UNSIGNED NOT NULL,
  `ans` tinyint(1) NOT NULL,
  `findings` text NOT NULL,
  `created_at` timestamp NOT NULL DEFAULT CURRENT_TIMESTAMP,
  `updated_at` timestamp NULL DEFAULT NULL ON UPDATE CURRENT_TIMESTAMP
) ENGINE=InnoDB DEFAULT CHARSET=utf8;

-- --------------------------------------------------------

--
-- Table structure for table `tbl_svce_safety_signs_and_warnings_survey`
--

CREATE TABLE `tbl_svce_safety_signs_and_warnings_survey` (
  `id` bigint(20) UNSIGNED NOT NULL,
  `survey_id` bigint(20) UNSIGNED NOT NULL,
  `q_id` bigint(20) UNSIGNED NOT NULL,
  `ans` tinyint(1) NOT NULL,
  `findings` text NOT NULL,
  `created_at` timestamp NOT NULL DEFAULT CURRENT_TIMESTAMP,
  `updated_at` timestamp NULL DEFAULT NULL ON UPDATE CURRENT_TIMESTAMP
) ENGINE=InnoDB DEFAULT CHARSET=utf8;

-- --------------------------------------------------------

--
-- Table structure for table `tbl_svce_safety_signs_and_warning_items`
--

CREATE TABLE `tbl_svce_safety_signs_and_warning_items` (
  `id` bigint(20) UNSIGNED NOT NULL,
  `checklist_items` text NOT NULL,
  `created_at` timestamp NOT NULL DEFAULT CURRENT_TIMESTAMP,
  `updated_at` timestamp NULL DEFAULT NULL ON UPDATE CURRENT_TIMESTAMP
) ENGINE=InnoDB DEFAULT CHARSET=utf8;

-- --------------------------------------------------------

--
-- Table structure for table `tbl_svce_specific_hazards_items`
--

CREATE TABLE `tbl_svce_specific_hazards_items` (
  `id` bigint(20) UNSIGNED NOT NULL,
  `checklist_items` text NOT NULL,
  `created_at` timestamp NOT NULL DEFAULT CURRENT_TIMESTAMP,
  `updated_at` timestamp NULL DEFAULT NULL ON UPDATE CURRENT_TIMESTAMP
) ENGINE=InnoDB DEFAULT CHARSET=utf8;

-- --------------------------------------------------------

--
-- Table structure for table `tbl_svce_specific_hazards_survey`
--

CREATE TABLE `tbl_svce_specific_hazards_survey` (
  `id` bigint(20) UNSIGNED NOT NULL,
  `survey_id` bigint(20) UNSIGNED NOT NULL,
  `q_id` bigint(20) UNSIGNED NOT NULL,
  `ans` tinyint(1) NOT NULL,
  `findings` text NOT NULL,
  `created_at` timestamp NOT NULL DEFAULT CURRENT_TIMESTAMP,
  `updated_at` timestamp NULL DEFAULT NULL ON UPDATE CURRENT_TIMESTAMP
) ENGINE=InnoDB DEFAULT CHARSET=utf8;

-- --------------------------------------------------------

--
-- Table structure for table `tbl_svce_vivid_info`
--

CREATE TABLE `tbl_svce_vivid_info` (
  `id` bigint(20) UNSIGNED NOT NULL,
  `survey_id` bigint(20) UNSIGNED NOT NULL,
  `additional_description` text NOT NULL,
  `comments` text NOT NULL,
  `recommendation` text NOT NULL,
  `created_at` timestamp NOT NULL DEFAULT CURRENT_TIMESTAMP,
  `updated_at` timestamp NULL DEFAULT NULL
) ENGINE=InnoDB DEFAULT CHARSET=utf8;

-- --------------------------------------------------------

--
-- Table structure for table `tbl_svce_work_adequate_to_protect_items`
--

CREATE TABLE `tbl_svce_work_adequate_to_protect_items` (
  `id` bigint(20) UNSIGNED NOT NULL,
  `checklist_items` text NOT NULL,
  `created_at` timestamp NOT NULL DEFAULT CURRENT_TIMESTAMP,
  `updated_at` timestamp NULL DEFAULT NULL ON UPDATE CURRENT_TIMESTAMP
) ENGINE=InnoDB DEFAULT CHARSET=utf8;

-- --------------------------------------------------------

--
-- Table structure for table `tbl_svce_work_adequate_to_protect_survey`
--

CREATE TABLE `tbl_svce_work_adequate_to_protect_survey` (
  `id` bigint(20) UNSIGNED NOT NULL,
  `survey_id` bigint(20) UNSIGNED NOT NULL,
  `q_id` bigint(20) UNSIGNED NOT NULL,
  `ans` tinyint(1) NOT NULL,
  `findings` text NOT NULL,
  `created_at` timestamp NOT NULL DEFAULT CURRENT_TIMESTAMP,
  `updated_at` timestamp NULL DEFAULT NULL ON UPDATE CURRENT_TIMESTAMP
) ENGINE=InnoDB DEFAULT CHARSET=utf8;

-- --------------------------------------------------------

--
-- Table structure for table `tbl_svcs_description_of_package`
--

CREATE TABLE `tbl_svcs_description_of_package` (
  `id` bigint(20) UNSIGNED NOT NULL,
  `survey_id` bigint(20) UNSIGNED NOT NULL,
  `description_of_project` char(255) NOT NULL,
  `nos` tinyint(3) UNSIGNED NOT NULL,
  `created_at` timestamp NOT NULL DEFAULT CURRENT_TIMESTAMP,
  `updated_at` timestamp NULL DEFAULT NULL ON UPDATE CURRENT_TIMESTAMP
) ENGINE=InnoDB DEFAULT CHARSET=utf8;

-- --------------------------------------------------------

--
-- Table structure for table `tbl_svcs_initial_information`
--

CREATE TABLE `tbl_svcs_initial_information` (
  `id` bigint(20) UNSIGNED NOT NULL,
  `implementing_agency` bigint(20) UNSIGNED NOT NULL,
  `name_of_package` char(255) NOT NULL,
  `date_of_visit` date DEFAULT NULL,
  `package_number` int(11) NOT NULL,
  `start_date` date DEFAULT NULL,
  `delivery_date` date DEFAULT NULL,
  `financial_progress` tinyint(3) UNSIGNED DEFAULT NULL,
  `visual_physical_progress` tinyint(3) UNSIGNED DEFAULT NULL,
  `IA_person_met` char(255) NOT NULL,
  `M_E_staff_member` char(255) NOT NULL,
  `created_at` timestamp NOT NULL DEFAULT CURRENT_TIMESTAMP,
  `updated_at` timestamp NULL DEFAULT NULL ON UPDATE CURRENT_TIMESTAMP
) ENGINE=InnoDB DEFAULT CHARSET=utf8;

-- --------------------------------------------------------

--
-- Table structure for table `tbl_svcs_structure_checklist_items`
--

CREATE TABLE `tbl_svcs_structure_checklist_items` (
  `id` bigint(20) UNSIGNED NOT NULL,
  `checklist_items` varchar(200) NOT NULL,
  `created_at` timestamp NOT NULL DEFAULT CURRENT_TIMESTAMP,
  `updated_at` timestamp NULL DEFAULT NULL ON UPDATE CURRENT_TIMESTAMP
) ENGINE=InnoDB DEFAULT CHARSET=utf8;

--
-- Dumping data for table `tbl_svcs_structure_checklist_items`
--

INSERT INTO `tbl_svcs_structure_checklist_items` (`id`, `checklist_items`, `created_at`, `updated_at`) VALUES
(1, 'Is facility equipped with ECT kits and located within 5 km of a warehouse or FSCD control room?', '2018-11-25 09:56:41', NULL),
(2, 'Billboard/signboard installed properly?', '2018-11-25 09:56:41', NULL),
(3, 'EIA/IEEE performed?', '2018-11-25 09:57:27', NULL),
(4, 'Structure compliant with BNBC?', '2018-11-25 09:57:27', NULL),
(5, 'Structure compliant with ISO 28841:2013(E) (Guidelines for simplified seismic assessment)?', '2018-11-25 09:59:39', NULL),
(6, 'Contact information for filing Grievance Redress Mechanism (GRM) complaints?', '2018-11-25 09:59:39', NULL),
(7, 'Is the site secured from unauthorized entry or use?', '2018-11-25 10:00:34', NULL),
(8, 'Standby electricity available on site?', '2018-11-25 10:00:34', NULL),
(9, 'Back up Water supply available on site?', '2018-11-25 10:01:50', NULL),
(10, 'Sanitation support available on site? (Toilet/Pure drinking water)', '2018-11-25 10:01:50', NULL),
(11, 'Personal Protective Equipment (PPE) available on site?', '2018-11-25 10:02:47', NULL),
(12, 'Adequate First Aid kits available on site?', '2018-11-25 10:02:47', NULL),
(13, 'Temporary Labour Shed available on site?', '2018-11-25 10:03:54', NULL),
(14, 'Social & Resettlement action plan performed? (S/RAP)', '2018-11-25 10:03:54', NULL),
(15, 'Architectural design on site?', '2018-11-25 10:04:32', NULL),
(16, 'Structural design on site?', '2018-11-25 10:04:32', NULL),
(17, 'Plumbing design on site?', '2018-11-25 10:05:14', NULL),
(18, 'Electric design on site?', '2018-11-25 10:05:14', NULL),
(19, 'Site Inspection book on site?', '2018-11-25 10:05:43', NULL);

-- --------------------------------------------------------

--
-- Table structure for table `tbl_svcs_survey`
--

CREATE TABLE `tbl_svcs_survey` (
  `id` bigint(20) UNSIGNED NOT NULL,
  `survey_id` bigint(20) UNSIGNED NOT NULL,
  `q_id` bigint(20) UNSIGNED NOT NULL,
  `ans` tinyint(1) UNSIGNED NOT NULL,
  `findings` text NOT NULL,
  `created_at` timestamp NOT NULL DEFAULT CURRENT_TIMESTAMP,
  `updated_at` timestamp NULL DEFAULT NULL ON UPDATE CURRENT_TIMESTAMP
) ENGINE=InnoDB DEFAULT CHARSET=utf8;

-- --------------------------------------------------------

--
-- Table structure for table `tbl_svcs_vivid_info`
--

CREATE TABLE `tbl_svcs_vivid_info` (
  `id` bigint(20) UNSIGNED NOT NULL,
  `survey_id` bigint(20) UNSIGNED NOT NULL,
  `additional_description` text NOT NULL,
  `comments` text NOT NULL,
  `recommendation` text NOT NULL,
  `created_at` timestamp NOT NULL DEFAULT CURRENT_TIMESTAMP,
  `updated_at` timestamp NULL DEFAULT NULL
) ENGINE=InnoDB DEFAULT CHARSET=utf8;

-- --------------------------------------------------------

--
-- Table structure for table `tbl_unit_of_measure`
--

CREATE TABLE `tbl_unit_of_measure` (
  `id` bigint(20) UNSIGNED NOT NULL,
  `unit_of_measure` char(255) DEFAULT NULL,
  `created_at` timestamp NOT NULL DEFAULT CURRENT_TIMESTAMP,
  `updated_at` timestamp NULL DEFAULT NULL ON UPDATE CURRENT_TIMESTAMP
) ENGINE=InnoDB DEFAULT CHARSET=utf8;

--
-- Dumping data for table `tbl_unit_of_measure`
--

INSERT INTO `tbl_unit_of_measure` (`id`, `unit_of_measure`, `created_at`, `updated_at`) VALUES
(1, 'Percentage', '2019-01-05 09:19:53', NULL),
(2, 'Composite Scale', '2019-01-05 09:19:53', NULL),
(3, 'Number', '2019-01-05 09:20:07', NULL);

--
-- Indexes for dumped tables
--

--
-- Indexes for table `tbl_ci_sessions`
--
ALTER TABLE `tbl_ci_sessions`
  ADD KEY `ci_sessions_timestamp` (`timestamp`);

--
-- Indexes for table `tbl_data_collection_for_consultancy_services_contracts`
--
ALTER TABLE `tbl_data_collection_for_consultancy_services_contracts`
  ADD PRIMARY KEY (`id`),
  ADD UNIQUE KEY `id` (`id`),
  ADD KEY `activity_id` (`activity_id`);

--
-- Indexes for table `tbl_data_collection_for_goods_contracts`
--
ALTER TABLE `tbl_data_collection_for_goods_contracts`
  ADD PRIMARY KEY (`id`),
  ADD UNIQUE KEY `id` (`id`),
  ADD KEY `activity_id` (`activity_id`);

--
-- Indexes for table `tbl_data_collection_for_works_contracts`
--
ALTER TABLE `tbl_data_collection_for_works_contracts`
  ADD PRIMARY KEY (`id`),
  ADD UNIQUE KEY `id` (`id`),
  ADD KEY `activity_id` (`activity_id`);

--
-- Indexes for table `tbl_imed_basic_info`
--
ALTER TABLE `tbl_imed_basic_info`
  ADD PRIMARY KEY (`id`),
  ADD UNIQUE KEY `id` (`id`),
  ADD KEY `tbl_imed_basic_info_ibfk_1` (`ministry`),
  ADD KEY `division` (`division`),
  ADD KEY `agency` (`agency`);

--
-- Indexes for table `tbl_imed_contract_implementation`
--
ALTER TABLE `tbl_imed_contract_implementation`
  ADD PRIMARY KEY (`id`),
  ADD UNIQUE KEY `id` (`id`),
  ADD KEY `imed_bi_info` (`imed_bi_id`);

--
-- Indexes for table `tbl_imed_implementation_problems`
--
ALTER TABLE `tbl_imed_implementation_problems`
  ADD PRIMARY KEY (`id`),
  ADD UNIQUE KEY `id` (`id`),
  ADD KEY `problem_type_id` (`problem_type_id`),
  ADD KEY `tbl_imed_implementation_problems_ibfk_1` (`imed_bi_id`);

--
-- Indexes for table `tbl_imed_implementation_problem_type`
--
ALTER TABLE `tbl_imed_implementation_problem_type`
  ADD PRIMARY KEY (`id`),
  ADD UNIQUE KEY `id` (`id`);

--
-- Indexes for table `tbl_imed_project_declaration`
--
ALTER TABLE `tbl_imed_project_declaration`
  ADD PRIMARY KEY (`id`),
  ADD UNIQUE KEY `id` (`id`),
  ADD KEY `imed_bi_info` (`imed_bi_id`);

--
-- Indexes for table `tbl_imed_quarterly_component_wise_progress`
--
ALTER TABLE `tbl_imed_quarterly_component_wise_progress`
  ADD PRIMARY KEY (`id`),
  ADD UNIQUE KEY `id` (`id`),
  ADD KEY `imed_bi_id` (`imed_bi_id`);

--
-- Indexes for table `tbl_imed_quarterly_financial_progress`
--
ALTER TABLE `tbl_imed_quarterly_financial_progress`
  ADD PRIMARY KEY (`id`),
  ADD UNIQUE KEY `id` (`id`),
  ADD KEY `imed_bi_id` (`imed_bi_id`);

--
-- Indexes for table `tbl_imed_reason_for_delaying`
--
ALTER TABLE `tbl_imed_reason_for_delaying`
  ADD PRIMARY KEY (`id`),
  ADD UNIQUE KEY `id` (`id`),
  ADD KEY `imed_bi_id` (`imed_bi_id`);

--
-- Indexes for table `tbl_imed_suggested_measures`
--
ALTER TABLE `tbl_imed_suggested_measures`
  ADD PRIMARY KEY (`id`),
  ADD UNIQUE KEY `id` (`id`),
  ADD KEY `imed_bi_info` (`imed_bi_id`);

--
-- Indexes for table `tbl_intermediate_result_indicators_component`
--
ALTER TABLE `tbl_intermediate_result_indicators_component`
  ADD PRIMARY KEY (`id`),
  ADD UNIQUE KEY `id` (`id`);

--
-- Indexes for table `tbl_intermediate_result_indicators_name`
--
ALTER TABLE `tbl_intermediate_result_indicators_name`
  ADD PRIMARY KEY (`id`),
  ADD UNIQUE KEY `id` (`id`);

--
-- Indexes for table `tbl_key_agreed_actions_tracking_activities`
--
ALTER TABLE `tbl_key_agreed_actions_tracking_activities`
  ADD PRIMARY KEY (`id`),
  ADD UNIQUE KEY `id` (`id`),
  ADD KEY `agency` (`agency`);

--
-- Indexes for table `tbl_key_agreed_actions_tracking_sub_activities`
--
ALTER TABLE `tbl_key_agreed_actions_tracking_sub_activities`
  ADD PRIMARY KEY (`id`),
  ADD UNIQUE KEY `id` (`id`),
  ADD KEY `activity_id` (`activity_id`);

--
-- Indexes for table `tbl_list_of_division`
--
ALTER TABLE `tbl_list_of_division`
  ADD PRIMARY KEY (`id`),
  ADD UNIQUE KEY `id` (`id`),
  ADD KEY `ministry_id` (`ministry_id`);

--
-- Indexes for table `tbl_list_of_implementing_agencies`
--
ALTER TABLE `tbl_list_of_implementing_agencies`
  ADD PRIMARY KEY (`id`),
  ADD UNIQUE KEY `id` (`id`);

--
-- Indexes for table `tbl_list_of_ministry`
--
ALTER TABLE `tbl_list_of_ministry`
  ADD PRIMARY KEY (`id`),
  ADD UNIQUE KEY `id` (`id`);

--
-- Indexes for table `tbl_me_activities_sub_component`
--
ALTER TABLE `tbl_me_activities_sub_component`
  ADD PRIMARY KEY (`id`),
  ADD UNIQUE KEY `id` (`id`),
  ADD KEY `component_id` (`component_id`);

--
-- Indexes for table `tbl_me_iris`
--
ALTER TABLE `tbl_me_iris`
  ADD PRIMARY KEY (`id`),
  ADD UNIQUE KEY `id` (`id`),
  ADD KEY `output_id` (`output_id`);

--
-- Indexes for table `tbl_me_outputs`
--
ALTER TABLE `tbl_me_outputs`
  ADD PRIMARY KEY (`id`),
  ADD UNIQUE KEY `id` (`id`),
  ADD KEY `activity_id` (`activity_id`);

--
-- Indexes for table `tbl_me_urp_component_ia`
--
ALTER TABLE `tbl_me_urp_component_ia`
  ADD PRIMARY KEY (`id`),
  ADD UNIQUE KEY `id` (`id`);

--
-- Indexes for table `tbl_m_and_e_matrix`
--
ALTER TABLE `tbl_m_and_e_matrix`
  ADD PRIMARY KEY (`id`),
  ADD UNIQUE KEY `id` (`id`),
  ADD KEY `component_id` (`component_id`),
  ADD KEY `activity_id` (`activity_id`),
  ADD KEY `output_id` (`output_id`),
  ADD KEY `iris_id` (`iris_id`);

--
-- Indexes for table `tbl_progress_of_procurements_goods_contracts`
--
ALTER TABLE `tbl_progress_of_procurements_goods_contracts`
  ADD PRIMARY KEY (`id`),
  ADD UNIQUE KEY `id` (`id`),
  ADD KEY `contract_id` (`contract_id`);

--
-- Indexes for table `tbl_progress_of_procurements_services_contracts`
--
ALTER TABLE `tbl_progress_of_procurements_services_contracts`
  ADD PRIMARY KEY (`id`),
  ADD UNIQUE KEY `id` (`id`),
  ADD KEY `contract_id` (`contract_id`);

--
-- Indexes for table `tbl_progress_of_procurements_works_contracts`
--
ALTER TABLE `tbl_progress_of_procurements_works_contracts`
  ADD PRIMARY KEY (`id`),
  ADD UNIQUE KEY `id` (`id`),
  ADD KEY `contract_id` (`contract_id`);

--
-- Indexes for table `tbl_project_development_objective_indicators_name`
--
ALTER TABLE `tbl_project_development_objective_indicators_name`
  ADD PRIMARY KEY (`id`),
  ADD UNIQUE KEY `id` (`id`);

--
-- Indexes for table `tbl_result_framework_intermediate_result_indicators`
--
ALTER TABLE `tbl_result_framework_intermediate_result_indicators`
  ADD PRIMARY KEY (`id`),
  ADD UNIQUE KEY `id` (`id`),
  ADD KEY `measure_id` (`measure_id`);

--
-- Indexes for table `tbl_rslt_frmwrk_prjct_dvlpmnt_objctv_indctrs`
--
ALTER TABLE `tbl_rslt_frmwrk_prjct_dvlpmnt_objctv_indctrs`
  ADD PRIMARY KEY (`id`),
  ADD UNIQUE KEY `id` (`id`),
  ADD UNIQUE KEY `unique_index` (`ind_id`,`year`),
  ADD KEY `measure_id` (`measure_id`);

--
-- Indexes for table `tbl_svce_description_of_package`
--
ALTER TABLE `tbl_svce_description_of_package`
  ADD PRIMARY KEY (`id`),
  ADD UNIQUE KEY `id` (`id`),
  ADD KEY `survey_id` (`survey_id`);

--
-- Indexes for table `tbl_svce_information_and_training_items`
--
ALTER TABLE `tbl_svce_information_and_training_items`
  ADD PRIMARY KEY (`id`),
  ADD UNIQUE KEY `id` (`id`);

--
-- Indexes for table `tbl_svce_information_and_training_survey`
--
ALTER TABLE `tbl_svce_information_and_training_survey`
  ADD PRIMARY KEY (`id`),
  ADD UNIQUE KEY `id` (`id`),
  ADD KEY `survey_id` (`survey_id`),
  ADD KEY `q_id` (`q_id`);

--
-- Indexes for table `tbl_svce_initial_information`
--
ALTER TABLE `tbl_svce_initial_information`
  ADD PRIMARY KEY (`id`),
  ADD KEY `implementing_agency` (`implementing_agency`);

--
-- Indexes for table `tbl_svce_maintenance_and_inspection_items`
--
ALTER TABLE `tbl_svce_maintenance_and_inspection_items`
  ADD PRIMARY KEY (`id`),
  ADD UNIQUE KEY `id` (`id`);

--
-- Indexes for table `tbl_svce_maintenance_and_inspection_survey`
--
ALTER TABLE `tbl_svce_maintenance_and_inspection_survey`
  ADD PRIMARY KEY (`id`),
  ADD UNIQUE KEY `id` (`id`),
  ADD KEY `survey_id` (`survey_id`),
  ADD KEY `q_id` (`q_id`);

--
-- Indexes for table `tbl_svce_safety_features_items`
--
ALTER TABLE `tbl_svce_safety_features_items`
  ADD PRIMARY KEY (`id`),
  ADD UNIQUE KEY `id` (`id`);

--
-- Indexes for table `tbl_svce_safety_features_survey`
--
ALTER TABLE `tbl_svce_safety_features_survey`
  ADD PRIMARY KEY (`id`),
  ADD UNIQUE KEY `id` (`id`),
  ADD KEY `survey_id` (`survey_id`),
  ADD KEY `q_id` (`q_id`);

--
-- Indexes for table `tbl_svce_safety_signs_and_warnings_survey`
--
ALTER TABLE `tbl_svce_safety_signs_and_warnings_survey`
  ADD PRIMARY KEY (`id`),
  ADD UNIQUE KEY `id` (`id`),
  ADD KEY `survey_id` (`survey_id`),
  ADD KEY `q_id` (`q_id`);

--
-- Indexes for table `tbl_svce_safety_signs_and_warning_items`
--
ALTER TABLE `tbl_svce_safety_signs_and_warning_items`
  ADD PRIMARY KEY (`id`),
  ADD UNIQUE KEY `id` (`id`);

--
-- Indexes for table `tbl_svce_specific_hazards_items`
--
ALTER TABLE `tbl_svce_specific_hazards_items`
  ADD PRIMARY KEY (`id`),
  ADD UNIQUE KEY `id` (`id`);

--
-- Indexes for table `tbl_svce_specific_hazards_survey`
--
ALTER TABLE `tbl_svce_specific_hazards_survey`
  ADD PRIMARY KEY (`id`),
  ADD UNIQUE KEY `id` (`id`),
  ADD KEY `survey_id` (`survey_id`),
  ADD KEY `q_id` (`q_id`);

--
-- Indexes for table `tbl_svce_vivid_info`
--
ALTER TABLE `tbl_svce_vivid_info`
  ADD PRIMARY KEY (`id`),
  ADD UNIQUE KEY `id` (`id`),
  ADD KEY `survey_id` (`survey_id`);

--
-- Indexes for table `tbl_svce_work_adequate_to_protect_items`
--
ALTER TABLE `tbl_svce_work_adequate_to_protect_items`
  ADD PRIMARY KEY (`id`),
  ADD UNIQUE KEY `id` (`id`);

--
-- Indexes for table `tbl_svce_work_adequate_to_protect_survey`
--
ALTER TABLE `tbl_svce_work_adequate_to_protect_survey`
  ADD PRIMARY KEY (`id`),
  ADD UNIQUE KEY `id` (`id`),
  ADD KEY `survey_id` (`survey_id`),
  ADD KEY `q_id` (`q_id`);

--
-- Indexes for table `tbl_svcs_description_of_package`
--
ALTER TABLE `tbl_svcs_description_of_package`
  ADD UNIQUE KEY `id` (`id`),
  ADD KEY `survey_id` (`survey_id`);

--
-- Indexes for table `tbl_svcs_initial_information`
--
ALTER TABLE `tbl_svcs_initial_information`
  ADD PRIMARY KEY (`id`),
  ADD KEY `implementing_agency` (`implementing_agency`);

--
-- Indexes for table `tbl_svcs_structure_checklist_items`
--
ALTER TABLE `tbl_svcs_structure_checklist_items`
  ADD PRIMARY KEY (`id`),
  ADD UNIQUE KEY `id` (`id`);

--
-- Indexes for table `tbl_svcs_survey`
--
ALTER TABLE `tbl_svcs_survey`
  ADD PRIMARY KEY (`id`),
  ADD UNIQUE KEY `id` (`id`),
  ADD KEY `survey_id` (`survey_id`),
  ADD KEY `q_id` (`q_id`);

--
-- Indexes for table `tbl_svcs_vivid_info`
--
ALTER TABLE `tbl_svcs_vivid_info`
  ADD PRIMARY KEY (`id`),
  ADD UNIQUE KEY `id` (`id`),
  ADD KEY `survey_id` (`survey_id`);

--
-- Indexes for table `tbl_unit_of_measure`
--
ALTER TABLE `tbl_unit_of_measure`
  ADD PRIMARY KEY (`id`),
  ADD UNIQUE KEY `id` (`id`);

--
-- AUTO_INCREMENT for dumped tables
--

--
-- AUTO_INCREMENT for table `tbl_data_collection_for_consultancy_services_contracts`
--
ALTER TABLE `tbl_data_collection_for_consultancy_services_contracts`
  MODIFY `id` bigint(20) UNSIGNED NOT NULL AUTO_INCREMENT;

--
-- AUTO_INCREMENT for table `tbl_data_collection_for_goods_contracts`
--
ALTER TABLE `tbl_data_collection_for_goods_contracts`
  MODIFY `id` bigint(20) UNSIGNED NOT NULL AUTO_INCREMENT;

--
-- AUTO_INCREMENT for table `tbl_data_collection_for_works_contracts`
--
ALTER TABLE `tbl_data_collection_for_works_contracts`
  MODIFY `id` bigint(20) UNSIGNED NOT NULL AUTO_INCREMENT;

--
-- AUTO_INCREMENT for table `tbl_imed_basic_info`
--
ALTER TABLE `tbl_imed_basic_info`
  MODIFY `id` bigint(20) UNSIGNED NOT NULL AUTO_INCREMENT, AUTO_INCREMENT=4;

--
-- AUTO_INCREMENT for table `tbl_imed_contract_implementation`
--
ALTER TABLE `tbl_imed_contract_implementation`
  MODIFY `id` bigint(20) UNSIGNED NOT NULL AUTO_INCREMENT, AUTO_INCREMENT=4;

--
-- AUTO_INCREMENT for table `tbl_imed_implementation_problems`
--
ALTER TABLE `tbl_imed_implementation_problems`
  MODIFY `id` bigint(20) UNSIGNED NOT NULL AUTO_INCREMENT, AUTO_INCREMENT=4;

--
-- AUTO_INCREMENT for table `tbl_imed_implementation_problem_type`
--
ALTER TABLE `tbl_imed_implementation_problem_type`
  MODIFY `id` bigint(20) UNSIGNED NOT NULL AUTO_INCREMENT, AUTO_INCREMENT=7;

--
-- AUTO_INCREMENT for table `tbl_imed_project_declaration`
--
ALTER TABLE `tbl_imed_project_declaration`
  MODIFY `id` bigint(20) UNSIGNED NOT NULL AUTO_INCREMENT, AUTO_INCREMENT=4;

--
-- AUTO_INCREMENT for table `tbl_imed_quarterly_component_wise_progress`
--
ALTER TABLE `tbl_imed_quarterly_component_wise_progress`
  MODIFY `id` bigint(20) UNSIGNED NOT NULL AUTO_INCREMENT, AUTO_INCREMENT=4;

--
-- AUTO_INCREMENT for table `tbl_imed_quarterly_financial_progress`
--
ALTER TABLE `tbl_imed_quarterly_financial_progress`
  MODIFY `id` bigint(20) UNSIGNED NOT NULL AUTO_INCREMENT, AUTO_INCREMENT=4;

--
-- AUTO_INCREMENT for table `tbl_imed_reason_for_delaying`
--
ALTER TABLE `tbl_imed_reason_for_delaying`
  MODIFY `id` bigint(20) UNSIGNED NOT NULL AUTO_INCREMENT, AUTO_INCREMENT=4;

--
-- AUTO_INCREMENT for table `tbl_imed_suggested_measures`
--
ALTER TABLE `tbl_imed_suggested_measures`
  MODIFY `id` bigint(20) UNSIGNED NOT NULL AUTO_INCREMENT, AUTO_INCREMENT=4;

--
-- AUTO_INCREMENT for table `tbl_intermediate_result_indicators_component`
--
ALTER TABLE `tbl_intermediate_result_indicators_component`
  MODIFY `id` bigint(20) UNSIGNED NOT NULL AUTO_INCREMENT;

--
-- AUTO_INCREMENT for table `tbl_intermediate_result_indicators_name`
--
ALTER TABLE `tbl_intermediate_result_indicators_name`
  MODIFY `id` bigint(20) UNSIGNED NOT NULL AUTO_INCREMENT;

--
-- AUTO_INCREMENT for table `tbl_key_agreed_actions_tracking_activities`
--
ALTER TABLE `tbl_key_agreed_actions_tracking_activities`
  MODIFY `id` bigint(20) UNSIGNED NOT NULL AUTO_INCREMENT;

--
-- AUTO_INCREMENT for table `tbl_key_agreed_actions_tracking_sub_activities`
--
ALTER TABLE `tbl_key_agreed_actions_tracking_sub_activities`
  MODIFY `id` bigint(20) UNSIGNED NOT NULL AUTO_INCREMENT;

--
-- AUTO_INCREMENT for table `tbl_list_of_division`
--
ALTER TABLE `tbl_list_of_division`
  MODIFY `id` bigint(20) UNSIGNED NOT NULL AUTO_INCREMENT, AUTO_INCREMENT=4;

--
-- AUTO_INCREMENT for table `tbl_list_of_implementing_agencies`
--
ALTER TABLE `tbl_list_of_implementing_agencies`
  MODIFY `id` bigint(20) UNSIGNED NOT NULL AUTO_INCREMENT, AUTO_INCREMENT=8;

--
-- AUTO_INCREMENT for table `tbl_list_of_ministry`
--
ALTER TABLE `tbl_list_of_ministry`
  MODIFY `id` bigint(20) UNSIGNED NOT NULL AUTO_INCREMENT, AUTO_INCREMENT=40;

--
-- AUTO_INCREMENT for table `tbl_me_activities_sub_component`
--
ALTER TABLE `tbl_me_activities_sub_component`
  MODIFY `id` bigint(20) UNSIGNED NOT NULL AUTO_INCREMENT, AUTO_INCREMENT=13;

--
-- AUTO_INCREMENT for table `tbl_me_iris`
--
ALTER TABLE `tbl_me_iris`
  MODIFY `id` bigint(20) UNSIGNED NOT NULL AUTO_INCREMENT, AUTO_INCREMENT=16;

--
-- AUTO_INCREMENT for table `tbl_me_outputs`
--
ALTER TABLE `tbl_me_outputs`
  MODIFY `id` bigint(20) UNSIGNED NOT NULL AUTO_INCREMENT, AUTO_INCREMENT=14;

--
-- AUTO_INCREMENT for table `tbl_me_urp_component_ia`
--
ALTER TABLE `tbl_me_urp_component_ia`
  MODIFY `id` bigint(20) UNSIGNED NOT NULL AUTO_INCREMENT, AUTO_INCREMENT=5;

--
-- AUTO_INCREMENT for table `tbl_m_and_e_matrix`
--
ALTER TABLE `tbl_m_and_e_matrix`
  MODIFY `id` bigint(20) UNSIGNED NOT NULL AUTO_INCREMENT, AUTO_INCREMENT=5;

--
-- AUTO_INCREMENT for table `tbl_progress_of_procurements_goods_contracts`
--
ALTER TABLE `tbl_progress_of_procurements_goods_contracts`
  MODIFY `id` bigint(20) UNSIGNED NOT NULL AUTO_INCREMENT;

--
-- AUTO_INCREMENT for table `tbl_progress_of_procurements_services_contracts`
--
ALTER TABLE `tbl_progress_of_procurements_services_contracts`
  MODIFY `id` bigint(20) UNSIGNED NOT NULL AUTO_INCREMENT;

--
-- AUTO_INCREMENT for table `tbl_progress_of_procurements_works_contracts`
--
ALTER TABLE `tbl_progress_of_procurements_works_contracts`
  MODIFY `id` bigint(20) UNSIGNED NOT NULL AUTO_INCREMENT;

--
-- AUTO_INCREMENT for table `tbl_project_development_objective_indicators_name`
--
ALTER TABLE `tbl_project_development_objective_indicators_name`
  MODIFY `id` bigint(20) UNSIGNED NOT NULL AUTO_INCREMENT, AUTO_INCREMENT=3;

--
-- AUTO_INCREMENT for table `tbl_result_framework_intermediate_result_indicators`
--
ALTER TABLE `tbl_result_framework_intermediate_result_indicators`
  MODIFY `id` bigint(20) UNSIGNED NOT NULL AUTO_INCREMENT;

--
-- AUTO_INCREMENT for table `tbl_rslt_frmwrk_prjct_dvlpmnt_objctv_indctrs`
--
ALTER TABLE `tbl_rslt_frmwrk_prjct_dvlpmnt_objctv_indctrs`
  MODIFY `id` bigint(20) UNSIGNED NOT NULL AUTO_INCREMENT, AUTO_INCREMENT=5;

--
-- AUTO_INCREMENT for table `tbl_svce_description_of_package`
--
ALTER TABLE `tbl_svce_description_of_package`
  MODIFY `id` bigint(20) UNSIGNED NOT NULL AUTO_INCREMENT;

--
-- AUTO_INCREMENT for table `tbl_svce_information_and_training_items`
--
ALTER TABLE `tbl_svce_information_and_training_items`
  MODIFY `id` bigint(20) UNSIGNED NOT NULL AUTO_INCREMENT;

--
-- AUTO_INCREMENT for table `tbl_svce_information_and_training_survey`
--
ALTER TABLE `tbl_svce_information_and_training_survey`
  MODIFY `id` bigint(20) UNSIGNED NOT NULL AUTO_INCREMENT;

--
-- AUTO_INCREMENT for table `tbl_svce_maintenance_and_inspection_items`
--
ALTER TABLE `tbl_svce_maintenance_and_inspection_items`
  MODIFY `id` bigint(20) UNSIGNED NOT NULL AUTO_INCREMENT;

--
-- AUTO_INCREMENT for table `tbl_svce_maintenance_and_inspection_survey`
--
ALTER TABLE `tbl_svce_maintenance_and_inspection_survey`
  MODIFY `id` bigint(20) UNSIGNED NOT NULL AUTO_INCREMENT;

--
-- AUTO_INCREMENT for table `tbl_svce_safety_features_items`
--
ALTER TABLE `tbl_svce_safety_features_items`
  MODIFY `id` bigint(20) UNSIGNED NOT NULL AUTO_INCREMENT;

--
-- AUTO_INCREMENT for table `tbl_svce_safety_features_survey`
--
ALTER TABLE `tbl_svce_safety_features_survey`
  MODIFY `id` bigint(20) UNSIGNED NOT NULL AUTO_INCREMENT;

--
-- AUTO_INCREMENT for table `tbl_svce_safety_signs_and_warnings_survey`
--
ALTER TABLE `tbl_svce_safety_signs_and_warnings_survey`
  MODIFY `id` bigint(20) UNSIGNED NOT NULL AUTO_INCREMENT;

--
-- AUTO_INCREMENT for table `tbl_svce_safety_signs_and_warning_items`
--
ALTER TABLE `tbl_svce_safety_signs_and_warning_items`
  MODIFY `id` bigint(20) UNSIGNED NOT NULL AUTO_INCREMENT;

--
-- AUTO_INCREMENT for table `tbl_svce_specific_hazards_items`
--
ALTER TABLE `tbl_svce_specific_hazards_items`
  MODIFY `id` bigint(20) UNSIGNED NOT NULL AUTO_INCREMENT;

--
-- AUTO_INCREMENT for table `tbl_svce_specific_hazards_survey`
--
ALTER TABLE `tbl_svce_specific_hazards_survey`
  MODIFY `id` bigint(20) UNSIGNED NOT NULL AUTO_INCREMENT;

--
-- AUTO_INCREMENT for table `tbl_svce_vivid_info`
--
ALTER TABLE `tbl_svce_vivid_info`
  MODIFY `id` bigint(20) UNSIGNED NOT NULL AUTO_INCREMENT;

--
-- AUTO_INCREMENT for table `tbl_svce_work_adequate_to_protect_items`
--
ALTER TABLE `tbl_svce_work_adequate_to_protect_items`
  MODIFY `id` bigint(20) UNSIGNED NOT NULL AUTO_INCREMENT;

--
-- AUTO_INCREMENT for table `tbl_svce_work_adequate_to_protect_survey`
--
ALTER TABLE `tbl_svce_work_adequate_to_protect_survey`
  MODIFY `id` bigint(20) UNSIGNED NOT NULL AUTO_INCREMENT;

--
-- AUTO_INCREMENT for table `tbl_svcs_description_of_package`
--
ALTER TABLE `tbl_svcs_description_of_package`
  MODIFY `id` bigint(20) UNSIGNED NOT NULL AUTO_INCREMENT;

--
-- AUTO_INCREMENT for table `tbl_svcs_structure_checklist_items`
--
ALTER TABLE `tbl_svcs_structure_checklist_items`
  MODIFY `id` bigint(20) UNSIGNED NOT NULL AUTO_INCREMENT, AUTO_INCREMENT=20;

--
-- AUTO_INCREMENT for table `tbl_svcs_survey`
--
ALTER TABLE `tbl_svcs_survey`
  MODIFY `id` bigint(20) UNSIGNED NOT NULL AUTO_INCREMENT;

--
-- AUTO_INCREMENT for table `tbl_svcs_vivid_info`
--
ALTER TABLE `tbl_svcs_vivid_info`
  MODIFY `id` bigint(20) UNSIGNED NOT NULL AUTO_INCREMENT;

--
-- AUTO_INCREMENT for table `tbl_unit_of_measure`
--
ALTER TABLE `tbl_unit_of_measure`
  MODIFY `id` bigint(20) UNSIGNED NOT NULL AUTO_INCREMENT, AUTO_INCREMENT=4;

--
-- Constraints for dumped tables
--

--
-- Constraints for table `tbl_data_collection_for_consultancy_services_contracts`
--
ALTER TABLE `tbl_data_collection_for_consultancy_services_contracts`
  ADD CONSTRAINT `tbl_data_collection_for_consultancy_services_contracts_ibfk_1` FOREIGN KEY (`activity_id`) REFERENCES `tbl_key_agreed_actions_tracking_activities` (`id`) ON DELETE CASCADE;

--
-- Constraints for table `tbl_data_collection_for_goods_contracts`
--
ALTER TABLE `tbl_data_collection_for_goods_contracts`
  ADD CONSTRAINT `tbl_data_collection_for_goods_contracts_ibfk_1` FOREIGN KEY (`activity_id`) REFERENCES `tbl_key_agreed_actions_tracking_activities` (`id`) ON DELETE CASCADE;

--
-- Constraints for table `tbl_data_collection_for_works_contracts`
--
ALTER TABLE `tbl_data_collection_for_works_contracts`
  ADD CONSTRAINT `tbl_data_collection_for_works_contracts_ibfk_1` FOREIGN KEY (`activity_id`) REFERENCES `tbl_key_agreed_actions_tracking_activities` (`id`) ON DELETE CASCADE;

--
-- Constraints for table `tbl_imed_basic_info`
--
ALTER TABLE `tbl_imed_basic_info`
  ADD CONSTRAINT `tbl_imed_basic_info_ibfk_1` FOREIGN KEY (`ministry`) REFERENCES `tbl_list_of_ministry` (`id`) ON UPDATE NO ACTION,
  ADD CONSTRAINT `tbl_imed_basic_info_ibfk_2` FOREIGN KEY (`division`) REFERENCES `tbl_list_of_division` (`id`) ON UPDATE NO ACTION,
  ADD CONSTRAINT `tbl_imed_basic_info_ibfk_3` FOREIGN KEY (`agency`) REFERENCES `tbl_list_of_implementing_agencies` (`id`) ON UPDATE NO ACTION;

--
-- Constraints for table `tbl_imed_contract_implementation`
--
ALTER TABLE `tbl_imed_contract_implementation`
  ADD CONSTRAINT `tbl_imed_contract_implementation_ibfk_1` FOREIGN KEY (`imed_bi_id`) REFERENCES `tbl_imed_basic_info` (`id`) ON DELETE CASCADE ON UPDATE NO ACTION;

--
-- Constraints for table `tbl_imed_implementation_problems`
--
ALTER TABLE `tbl_imed_implementation_problems`
  ADD CONSTRAINT `tbl_imed_implementation_problems_ibfk_1` FOREIGN KEY (`imed_bi_id`) REFERENCES `tbl_imed_basic_info` (`id`) ON DELETE CASCADE ON UPDATE NO ACTION,
  ADD CONSTRAINT `tbl_imed_implementation_problems_ibfk_2` FOREIGN KEY (`problem_type_id`) REFERENCES `tbl_imed_implementation_problem_type` (`id`);

--
-- Constraints for table `tbl_imed_project_declaration`
--
ALTER TABLE `tbl_imed_project_declaration`
  ADD CONSTRAINT `tbl_imed_project_declaration_ibfk_1` FOREIGN KEY (`imed_bi_id`) REFERENCES `tbl_imed_basic_info` (`id`) ON DELETE CASCADE ON UPDATE NO ACTION;

--
-- Constraints for table `tbl_imed_quarterly_component_wise_progress`
--
ALTER TABLE `tbl_imed_quarterly_component_wise_progress`
  ADD CONSTRAINT `tbl_imed_quarterly_component_wise_progress_ibfk_1` FOREIGN KEY (`imed_bi_id`) REFERENCES `tbl_imed_basic_info` (`id`) ON DELETE CASCADE ON UPDATE NO ACTION;

--
-- Constraints for table `tbl_imed_quarterly_financial_progress`
--
ALTER TABLE `tbl_imed_quarterly_financial_progress`
  ADD CONSTRAINT `tbl_imed_quarterly_financial_progress_ibfk_1` FOREIGN KEY (`imed_bi_id`) REFERENCES `tbl_imed_basic_info` (`id`) ON DELETE CASCADE ON UPDATE NO ACTION;

--
-- Constraints for table `tbl_imed_reason_for_delaying`
--
ALTER TABLE `tbl_imed_reason_for_delaying`
  ADD CONSTRAINT `tbl_imed_reason_for_delaying_ibfk_1` FOREIGN KEY (`imed_bi_id`) REFERENCES `tbl_imed_basic_info` (`id`) ON DELETE CASCADE ON UPDATE NO ACTION;

--
-- Constraints for table `tbl_imed_suggested_measures`
--
ALTER TABLE `tbl_imed_suggested_measures`
  ADD CONSTRAINT `tbl_imed_suggested_measures_ibfk_1` FOREIGN KEY (`imed_bi_id`) REFERENCES `tbl_imed_basic_info` (`id`) ON DELETE CASCADE ON UPDATE NO ACTION;

--
-- Constraints for table `tbl_key_agreed_actions_tracking_activities`
--
ALTER TABLE `tbl_key_agreed_actions_tracking_activities`
  ADD CONSTRAINT `tbl_key_agreed_actions_tracking_activities_ibfk_1` FOREIGN KEY (`agency`) REFERENCES `tbl_list_of_implementing_agencies` (`id`);

--
-- Constraints for table `tbl_key_agreed_actions_tracking_sub_activities`
--
ALTER TABLE `tbl_key_agreed_actions_tracking_sub_activities`
  ADD CONSTRAINT `tbl_key_agreed_actions_tracking_sub_activities_ibfk_1` FOREIGN KEY (`activity_id`) REFERENCES `tbl_key_agreed_actions_tracking_activities` (`id`) ON DELETE CASCADE;

--
-- Constraints for table `tbl_list_of_division`
--
ALTER TABLE `tbl_list_of_division`
  ADD CONSTRAINT `tbl_list_of_division_ibfk_1` FOREIGN KEY (`ministry_id`) REFERENCES `tbl_list_of_ministry` (`id`) ON DELETE CASCADE ON UPDATE NO ACTION;

--
-- Constraints for table `tbl_me_activities_sub_component`
--
ALTER TABLE `tbl_me_activities_sub_component`
  ADD CONSTRAINT `tbl_me_activities_sub_component_ibfk_1` FOREIGN KEY (`component_id`) REFERENCES `tbl_me_urp_component_ia` (`id`) ON DELETE CASCADE;

--
-- Constraints for table `tbl_me_iris`
--
ALTER TABLE `tbl_me_iris`
  ADD CONSTRAINT `tbl_me_iris_ibfk_1` FOREIGN KEY (`output_id`) REFERENCES `tbl_me_outputs` (`id`) ON DELETE CASCADE;

--
-- Constraints for table `tbl_me_outputs`
--
ALTER TABLE `tbl_me_outputs`
  ADD CONSTRAINT `tbl_me_outputs_ibfk_1` FOREIGN KEY (`activity_id`) REFERENCES `tbl_me_activities_sub_component` (`id`) ON DELETE CASCADE;

--
-- Constraints for table `tbl_m_and_e_matrix`
--
ALTER TABLE `tbl_m_and_e_matrix`
  ADD CONSTRAINT `tbl_m_and_e_matrix_ibfk_1` FOREIGN KEY (`component_id`) REFERENCES `tbl_me_urp_component_ia` (`id`),
  ADD CONSTRAINT `tbl_m_and_e_matrix_ibfk_2` FOREIGN KEY (`activity_id`) REFERENCES `tbl_me_activities_sub_component` (`id`),
  ADD CONSTRAINT `tbl_m_and_e_matrix_ibfk_3` FOREIGN KEY (`output_id`) REFERENCES `tbl_me_outputs` (`id`),
  ADD CONSTRAINT `tbl_m_and_e_matrix_ibfk_4` FOREIGN KEY (`iris_id`) REFERENCES `tbl_me_iris` (`id`);

--
-- Constraints for table `tbl_progress_of_procurements_goods_contracts`
--
ALTER TABLE `tbl_progress_of_procurements_goods_contracts`
  ADD CONSTRAINT `tbl_progress_of_procurements_goods_contracts_ibfk_1` FOREIGN KEY (`contract_id`) REFERENCES `tbl_data_collection_for_goods_contracts` (`id`) ON DELETE CASCADE;

--
-- Constraints for table `tbl_progress_of_procurements_services_contracts`
--
ALTER TABLE `tbl_progress_of_procurements_services_contracts`
  ADD CONSTRAINT `tbl_progress_of_procurements_services_contracts_ibfk_1` FOREIGN KEY (`contract_id`) REFERENCES `tbl_data_collection_for_consultancy_services_contracts` (`id`) ON DELETE CASCADE;

--
-- Constraints for table `tbl_progress_of_procurements_works_contracts`
--
ALTER TABLE `tbl_progress_of_procurements_works_contracts`
  ADD CONSTRAINT `tbl_progress_of_procurements_works_contracts_ibfk_1` FOREIGN KEY (`contract_id`) REFERENCES `tbl_data_collection_for_works_contracts` (`id`) ON DELETE CASCADE;

--
-- Constraints for table `tbl_result_framework_intermediate_result_indicators`
--
ALTER TABLE `tbl_result_framework_intermediate_result_indicators`
  ADD CONSTRAINT `tbl_result_framework_intermediate_result_indicators_ibfk_1` FOREIGN KEY (`measure_id`) REFERENCES `tbl_unit_of_measure` (`id`) ON DELETE NO ACTION ON UPDATE NO ACTION;

--
-- Constraints for table `tbl_rslt_frmwrk_prjct_dvlpmnt_objctv_indctrs`
--
ALTER TABLE `tbl_rslt_frmwrk_prjct_dvlpmnt_objctv_indctrs`
  ADD CONSTRAINT `tbl_rslt_frmwrk_prjct_dvlpmnt_objctv_indctrs_ibfk_1` FOREIGN KEY (`ind_id`) REFERENCES `tbl_project_development_objective_indicators_name` (`id`) ON DELETE CASCADE ON UPDATE NO ACTION,
  ADD CONSTRAINT `tbl_rslt_frmwrk_prjct_dvlpmnt_objctv_indctrs_ibfk_2` FOREIGN KEY (`measure_id`) REFERENCES `tbl_unit_of_measure` (`id`) ON DELETE CASCADE ON UPDATE NO ACTION;

--
-- Constraints for table `tbl_svce_description_of_package`
--
ALTER TABLE `tbl_svce_description_of_package`
  ADD CONSTRAINT `tbl_svce_description_of_package_ibfk_1` FOREIGN KEY (`survey_id`) REFERENCES `tbl_svce_initial_information` (`id`) ON DELETE CASCADE ON UPDATE NO ACTION;

--
-- Constraints for table `tbl_svce_information_and_training_survey`
--
ALTER TABLE `tbl_svce_information_and_training_survey`
  ADD CONSTRAINT `tbl_svce_information_and_training_survey_ibfk_1` FOREIGN KEY (`survey_id`) REFERENCES `tbl_svce_initial_information` (`id`) ON DELETE CASCADE ON UPDATE NO ACTION,
  ADD CONSTRAINT `tbl_svce_information_and_training_survey_ibfk_2` FOREIGN KEY (`q_id`) REFERENCES `tbl_svce_information_and_training_items` (`id`) ON DELETE CASCADE ON UPDATE NO ACTION;

--
-- Constraints for table `tbl_svce_initial_information`
--
ALTER TABLE `tbl_svce_initial_information`
  ADD CONSTRAINT `tbl_svce_initial_information_ibfk_1` FOREIGN KEY (`implementing_agency`) REFERENCES `tbl_list_of_implementing_agencies` (`id`) ON DELETE NO ACTION ON UPDATE NO ACTION;

--
-- Constraints for table `tbl_svce_maintenance_and_inspection_survey`
--
ALTER TABLE `tbl_svce_maintenance_and_inspection_survey`
  ADD CONSTRAINT `tbl_svce_maintenance_and_inspection_survey_ibfk_1` FOREIGN KEY (`survey_id`) REFERENCES `tbl_svce_initial_information` (`id`) ON DELETE CASCADE ON UPDATE NO ACTION,
  ADD CONSTRAINT `tbl_svce_maintenance_and_inspection_survey_ibfk_2` FOREIGN KEY (`q_id`) REFERENCES `tbl_svce_maintenance_and_inspection_items` (`id`) ON DELETE CASCADE ON UPDATE NO ACTION;

--
-- Constraints for table `tbl_svce_safety_features_survey`
--
ALTER TABLE `tbl_svce_safety_features_survey`
  ADD CONSTRAINT `tbl_svce_safety_features_survey_ibfk_1` FOREIGN KEY (`survey_id`) REFERENCES `tbl_svce_initial_information` (`id`) ON DELETE CASCADE ON UPDATE NO ACTION,
  ADD CONSTRAINT `tbl_svce_safety_features_survey_ibfk_2` FOREIGN KEY (`q_id`) REFERENCES `tbl_svce_safety_features_items` (`id`) ON DELETE CASCADE ON UPDATE NO ACTION;

--
-- Constraints for table `tbl_svce_safety_signs_and_warnings_survey`
--
ALTER TABLE `tbl_svce_safety_signs_and_warnings_survey`
  ADD CONSTRAINT `tbl_svce_safety_signs_and_warnings_survey_ibfk_1` FOREIGN KEY (`survey_id`) REFERENCES `tbl_svce_initial_information` (`id`) ON DELETE CASCADE ON UPDATE NO ACTION,
  ADD CONSTRAINT `tbl_svce_safety_signs_and_warnings_survey_ibfk_2` FOREIGN KEY (`q_id`) REFERENCES `tbl_svce_safety_signs_and_warning_items` (`id`) ON DELETE CASCADE ON UPDATE NO ACTION;

--
-- Constraints for table `tbl_svce_specific_hazards_survey`
--
ALTER TABLE `tbl_svce_specific_hazards_survey`
  ADD CONSTRAINT `tbl_svce_specific_hazards_survey_ibfk_1` FOREIGN KEY (`survey_id`) REFERENCES `tbl_svce_initial_information` (`id`) ON DELETE CASCADE ON UPDATE NO ACTION,
  ADD CONSTRAINT `tbl_svce_specific_hazards_survey_ibfk_2` FOREIGN KEY (`q_id`) REFERENCES `tbl_svce_specific_hazards_items` (`id`) ON DELETE CASCADE ON UPDATE NO ACTION;

--
-- Constraints for table `tbl_svce_vivid_info`
--
ALTER TABLE `tbl_svce_vivid_info`
  ADD CONSTRAINT `tbl_svce_vivid_info_ibfk_1` FOREIGN KEY (`survey_id`) REFERENCES `tbl_svce_initial_information` (`id`) ON DELETE CASCADE ON UPDATE NO ACTION;

--
-- Constraints for table `tbl_svce_work_adequate_to_protect_survey`
--
ALTER TABLE `tbl_svce_work_adequate_to_protect_survey`
  ADD CONSTRAINT `tbl_svce_work_adequate_to_protect_survey_ibfk_1` FOREIGN KEY (`survey_id`) REFERENCES `tbl_svce_initial_information` (`id`) ON DELETE CASCADE ON UPDATE NO ACTION,
  ADD CONSTRAINT `tbl_svce_work_adequate_to_protect_survey_ibfk_2` FOREIGN KEY (`q_id`) REFERENCES `tbl_svce_work_adequate_to_protect_items` (`id`) ON DELETE CASCADE ON UPDATE NO ACTION;

--
-- Constraints for table `tbl_svcs_description_of_package`
--
ALTER TABLE `tbl_svcs_description_of_package`
  ADD CONSTRAINT `tbl_svcs_description_of_package_ibfk_1` FOREIGN KEY (`survey_id`) REFERENCES `tbl_svcs_initial_information` (`id`) ON DELETE CASCADE ON UPDATE NO ACTION;

--
-- Constraints for table `tbl_svcs_initial_information`
--
ALTER TABLE `tbl_svcs_initial_information`
  ADD CONSTRAINT `tbl_svcs_initial_information_ibfk_1` FOREIGN KEY (`implementing_agency`) REFERENCES `tbl_list_of_implementing_agencies` (`id`) ON DELETE NO ACTION ON UPDATE NO ACTION;

--
-- Constraints for table `tbl_svcs_survey`
--
ALTER TABLE `tbl_svcs_survey`
  ADD CONSTRAINT `tbl_svcs_survey_ibfk_1` FOREIGN KEY (`survey_id`) REFERENCES `tbl_svcs_initial_information` (`id`) ON DELETE CASCADE ON UPDATE NO ACTION,
  ADD CONSTRAINT `tbl_svcs_survey_ibfk_2` FOREIGN KEY (`q_id`) REFERENCES `tbl_svcs_structure_checklist_items` (`id`) ON DELETE CASCADE ON UPDATE NO ACTION;

--
-- Constraints for table `tbl_svcs_vivid_info`
--
ALTER TABLE `tbl_svcs_vivid_info`
  ADD CONSTRAINT `tbl_svcs_vivid_info_ibfk_1` FOREIGN KEY (`survey_id`) REFERENCES `tbl_svcs_initial_information` (`id`) ON DELETE CASCADE ON UPDATE NO ACTION;
COMMIT;

/*!40101 SET CHARACTER_SET_CLIENT=@OLD_CHARACTER_SET_CLIENT */;
/*!40101 SET CHARACTER_SET_RESULTS=@OLD_CHARACTER_SET_RESULTS */;
/*!40101 SET COLLATION_CONNECTION=@OLD_COLLATION_CONNECTION */;
